,y,x1,x2,x3
LABEL,y (-),x1 (-),x2 (-),x3 (-)
RCPTRAINLORENZ_0,9.489994581997557,4.376444717955444,9.592636847790061,33.185181463129176
RCPTRAINLORENZ_1,9.042501968342949,4.871496596540432,9.489994581997557,32.794922083726156
RCPTRAINLORENZ_2,8.435167672019741,5.553421219842011,9.042501968342949,32.15782472024212
RCPTRAINLORENZ_3,7.778460786746624,5.9151426725683205,8.435167672019741,31.91181214413037
RCPTRAINLORENZ_4,7.221979705507507,5.868118754137111,7.778460786746624,31.50277119952669
RCPTRAINLORENZ_5,7.076554497267837,5.995938155426591,7.221979705507507,30.88114412034181
RCPTRAINLORENZ_6,6.913714516696166,5.831927423002349,7.076554497267837,30.63569803269014
RCPTRAINLORENZ_7,6.486467526383283,6.013222984557864,6.913714516696166,30.476659471237895
RCPTRAINLORENZ_8,6.113797669497604,6.130076962080111,6.486467526383283,30.16658651668855
RCPTRAINLORENZ_9,5.503136395637605,5.798314631542117,6.113797669497604,29.92490772335673
RCPTRAINLORENZ_10,5.334727902978132,5.818051670583586,5.503136395637605,29.072272987906505
RCPTRAINLORENZ_11,5.515717430947184,5.7712437024559495,5.334727902978132,28.515818975729704
RCPTRAINLORENZ_12,5.548668550055755,5.797526681339521,5.515717430947184,27.938689965768397
RCPTRAINLORENZ_13,5.433602752236143,5.3053060861156744,5.548668550055755,27.395926620969313
RCPTRAINLORENZ_14,6.011889668894521,5.150285355411927,5.433602752236143,26.570376365276925
RCPTRAINLORENZ_15,5.777484561892163,5.028051289366579,6.011889668894521,25.841076351581588
RCPTRAINLORENZ_16,5.9190921730148975,5.208318232149832,5.777484561892163,25.164680988984756
RCPTRAINLORENZ_17,6.061185485362677,5.283145603784025,5.9190921730148975,24.61078771513575
RCPTRAINLORENZ_18,6.147570854068767,5.0471232456278745,6.061185485362677,24.414231539341518
RCPTRAINLORENZ_19,6.37456537145102,5.138855489786705,6.147570854068767,24.043964529693408
RCPTRAINLORENZ_20,6.369305784878653,5.207548615309231,6.37456537145102,23.731858831973046
RCPTRAINLORENZ_21,6.481036077213868,5.435126144137,6.369305784878653,23.992290943958007
RCPTRAINLORENZ_22,6.943447420111543,5.527646619383443,6.481036077213868,23.76062312607088
RCPTRAINLORENZ_23,7.069430343996208,6.004890568793359,6.943447420111543,23.796644166905992
RCPTRAINLORENZ_24,7.508618492176256,6.131639776105865,7.069430343996208,23.58191581719617
RCPTRAINLORENZ_25,7.132543517047081,6.073943203294764,7.508618492176256,23.896902873116748
RCPTRAINLORENZ_26,6.8073271830943645,6.1762959986905495,7.132543517047081,23.602364632893718
RCPTRAINLORENZ_27,6.993948924189145,5.809443090879942,6.8073271830943645,23.44889930951378
RCPTRAINLORENZ_28,7.213747802047254,5.917652032376155,6.993948924189145,23.174316770896144
RCPTRAINLORENZ_29,7.488802985965759,6.008557963303076,7.213747802047254,22.871008251661085
RCPTRAINLORENZ_30,7.998254861480474,5.888142836064995,7.488802985965759,22.065951167842048
RCPTRAINLORENZ_31,8.146397775612822,5.981779323181578,7.998254861480474,21.68159702994221
RCPTRAINLORENZ_32,8.220721133651562,6.032536530529743,8.146397775612822,22.0592272624892
RCPTRAINLORENZ_33,8.378112862589102,6.341127951847995,8.220721133651562,22.119755191404916
RCPTRAINLORENZ_34,8.78940570387106,6.49486277372389,8.378112862589102,22.10600376682196
RCPTRAINLORENZ_35,9.275970923021722,6.40146381947646,8.78940570387106,22.115981379355606
RCPTRAINLORENZ_36,9.361704734324238,6.607516681310374,9.275970923021722,22.237371911230206
RCPTRAINLORENZ_37,9.309143445803896,6.8165517296936935,9.361704734324238,22.359326260877534
RCPTRAINLORENZ_38,9.614439506055147,7.754895657349701,9.309143445803896,22.316466026628376
RCPTRAINLORENZ_39,9.636915872970047,8.022954407606502,9.614439506055147,22.520067135264604
RCPTRAINLORENZ_40,9.58864928421948,8.072672887482279,9.636915872970047,23.03668992646374
RCPTRAINLORENZ_41,9.959559124844414,8.020863369724134,9.58864928421948,23.308315857417128
RCPTRAINLORENZ_42,9.987030406308758,7.826948691383438,9.959559124844414,23.249303113532726
RCPTRAINLORENZ_43,10.174079712683485,7.878962634577422,9.987030406308758,23.32302047623104
RCPTRAINLORENZ_44,10.74707313933075,8.419402847036322,10.174079712683485,23.039854581082928
RCPTRAINLORENZ_45,11.39101782842587,8.359238505711831,10.74707313933075,22.766615208766687
RCPTRAINLORENZ_46,11.609510986515193,8.361016181935826,11.39101782842587,22.95293383364369
RCPTRAINLORENZ_47,11.744154753434584,8.763301561750287,11.609510986515193,23.330241117919872
RCPTRAINLORENZ_48,11.65239275862112,8.863019552760498,11.744154753434584,23.496861842503854
RCPTRAINLORENZ_49,11.782331868211722,9.305068936307029,11.65239275862112,23.805377655007405
RCPTRAINLORENZ_50,11.928957638427072,9.29731522390638,11.782331868211722,24.15480432985358
RCPTRAINLORENZ_51,11.795599980592435,9.758504029146367,11.928957638427072,24.64518294492933
RCPTRAINLORENZ_52,11.353530104967914,9.971190905528148,11.795599980592435,25.082961076825594
RCPTRAINLORENZ_53,11.487067497963315,9.91844399129834,11.353530104967914,25.616742747851042
RCPTRAINLORENZ_54,11.753578487004878,9.886363301210391,11.487067497963315,26.243449874206544
RCPTRAINLORENZ_55,11.866764193276818,10.266629700146163,11.753578487004878,26.978094728381286
RCPTRAINLORENZ_56,11.6905935310193,10.572896458496436,11.866764193276818,27.700464091266152
RCPTRAINLORENZ_57,11.226140657623644,10.922754714313347,11.6905935310193,28.180456948803236
RCPTRAINLORENZ_58,10.750361037352796,11.226300630976674,11.226140657623644,28.379250970083966
RCPTRAINLORENZ_59,10.018039764192663,10.900390871570464,10.750361037352796,28.88010499318322
RCPTRAINLORENZ_60,9.537437075233893,11.36562430678935,10.018039764192663,29.159268964500253
RCPTRAINLORENZ_61,9.419394691201857,11.335865117062497,9.537437075233893,29.552705061657644
RCPTRAINLORENZ_62,9.172653940351857,10.716926665775071,9.419394691201857,29.64288636265411
RCPTRAINLORENZ_63,9.076874718626755,10.360912253440741,9.172653940351857,29.624044961248526
RCPTRAINLORENZ_64,9.04743348550747,9.953205159161964,9.076874718626755,30.005480602977755
RCPTRAINLORENZ_65,8.360725896898376,9.135164959642722,9.04743348550747,30.35785838271746
RCPTRAINLORENZ_66,7.997450856527757,9.343020960284846,8.360725896898376,30.252903693201457
RCPTRAINLORENZ_67,7.715950292483671,9.292328489277631,7.997450856527757,30.30070186723532
RCPTRAINLORENZ_68,7.365667076766801,9.29255360050469,7.715950292483671,30.369610733416586
RCPTRAINLORENZ_69,7.306545590861976,8.968781499760935,7.365667076766801,30.181341776417142
RCPTRAINLORENZ_70,7.354060432497198,9.075120667620306,7.306545590861976,30.083916073624493
RCPTRAINLORENZ_71,7.2202914318181435,8.615231296968819,7.354060432497198,30.184303116516542
RCPTRAINLORENZ_72,7.1472357071204184,8.43913605459417,7.2202914318181435,30.2464058925279
RCPTRAINLORENZ_73,7.000024675638718,7.9561530491651595,7.1472357071204184,30.199352850841827
RCPTRAINLORENZ_74,6.414381497867708,8.226661649283828,7.000024675638718,30.079168744152504
RCPTRAINLORENZ_75,5.999972833704228,8.125172830135865,6.414381497867708,30.46380128811716
RCPTRAINLORENZ_76,5.99132798217742,7.9954189458018865,5.999972833704228,30.42407123174928
RCPTRAINLORENZ_77,5.567252057264318,7.606929994532526,5.99132798217742,30.091179232777556
RCPTRAINLORENZ_78,5.701091187085457,7.191948376482787,5.567252057264318,29.86198248179674
RCPTRAINLORENZ_79,5.656528021622352,7.415801266954694,5.701091187085457,29.699512168902295
RCPTRAINLORENZ_80,5.69451890165287,7.128303189695334,5.656528021622352,29.41119915410943
RCPTRAINLORENZ_81,5.455814594158705,6.624495524278274,5.69451890165287,29.19813043574951
RCPTRAINLORENZ_82,5.4577382080626204,6.890404455568815,5.455814594158705,28.327507603565532
RCPTRAINLORENZ_83,5.391280811934894,6.811108070754951,5.4577382080626204,27.56504075038145
RCPTRAINLORENZ_84,5.706323667939883,6.900828180182763,5.391280811934894,26.779709268036246
RCPTRAINLORENZ_85,6.00937253047542,6.900919888120582,5.706323667939883,26.270608260379614
RCPTRAINLORENZ_86,6.196648239380122,7.022725439315213,6.00937253047542,26.168990672246043
RCPTRAINLORENZ_87,6.254761222249985,7.243792474731279,6.196648239380122,26.48484117127065
RCPTRAINLORENZ_88,5.964389298422507,6.808316170111173,6.254761222249985,25.560018675480343
RCPTRAINLORENZ_89,6.066248263168742,6.73399958076767,5.964389298422507,25.466607468651524
RCPTRAINLORENZ_90,6.547966703740641,6.702063008395585,6.066248263168742,25.117636634436717
RCPTRAINLORENZ_91,6.687609062288877,6.404398093512981,6.547966703740641,25.20109167694731
RCPTRAINLORENZ_92,7.115225643117414,6.777486953618101,6.687609062288877,25.190291215334323
RCPTRAINLORENZ_93,7.164330291569499,7.288150271019053,7.115225643117414,24.65988404795134
RCPTRAINLORENZ_94,7.275586953794254,7.768733033094253,7.164330291569499,24.02641117168625
RCPTRAINLORENZ_95,7.442172957612103,7.707029324756811,7.275586953794254,24.163029175497133
RCPTRAINLORENZ_96,7.692821591477383,8.223126411014572,7.442172957612103,24.104432207172795
RCPTRAINLORENZ_97,7.622073135181479,7.9250646349201705,7.692821591477383,24.118937162311727
RCPTRAINLORENZ_98,7.775775846276124,7.745972356628467,7.622073135181479,24.474297789992296
RCPTRAINLORENZ_99,8.07626813203923,7.7493091795523865,7.775775846276124,24.488298618973637
RCPTRAINLORENZ_100,7.868974913895902,7.536037326859386,8.07626813203923,24.240432420431343
RCPTRAINLORENZ_101,7.869014422288554,7.924560940017691,7.868974913895902,24.34350283229232
RCPTRAINLORENZ_102,7.919156730555375,8.451311953624547,7.869014422288554,24.11187787335932
RCPTRAINLORENZ_103,8.206663649933839,8.380572220515628,7.919156730555375,23.779697944190357
RCPTRAINLORENZ_104,8.369200153016086,8.48507550550367,8.206663649933839,24.0637785290542
RCPTRAINLORENZ_105,8.957098407523713,8.006330208026315,8.369200153016086,23.753580010196355
RCPTRAINLORENZ_106,9.159407665567715,7.994045387376666,8.957098407523713,23.667118150846044
RCPTRAINLORENZ_107,8.96374836235304,8.020636755369502,9.159407665567715,23.9720807544908
RCPTRAINLORENZ_108,9.513832607101415,8.03582963728988,8.96374836235304,24.34835283068917
RCPTRAINLORENZ_109,9.811616279848904,8.220523623698321,9.513832607101415,23.928776672811864
RCPTRAINLORENZ_110,10.178041135976857,8.2921877599843,9.811616279848904,24.46935287195442
RCPTRAINLORENZ_111,10.447834635365101,8.458022321754335,10.178041135976857,24.626145547652325
RCPTRAINLORENZ_112,10.680857321096505,8.389490689929135,10.447834635365101,24.56396102599677
RCPTRAINLORENZ_113,10.510045625294948,8.826473128415392,10.680857321096505,24.58596321154674
RCPTRAINLORENZ_114,10.363343048419635,8.945338325907818,10.510045625294948,25.068043292751593
RCPTRAINLORENZ_115,10.623852463312764,8.616404680104758,10.363343048419635,25.085449135660504
RCPTRAINLORENZ_116,11.002848541893428,8.701248679627216,10.623852463312764,25.32142990887107
RCPTRAINLORENZ_117,11.01955257370822,8.69773985729919,11.002848541893428,25.873792907154165
RCPTRAINLORENZ_118,10.912212038521071,8.936374438793518,11.01955257370822,25.791070160997005
RCPTRAINLORENZ_119,11.131477603625752,9.298620573752482,10.912212038521071,25.934309844679156
RCPTRAINLORENZ_120,11.527553090969132,9.655620873932317,11.131477603625752,26.128482810518545
RCPTRAINLORENZ_121,11.117627084162129,9.355904012826542,11.527553090969132,26.25591937521111
RCPTRAINLORENZ_122,11.139402988958556,9.460742712544674,11.117627084162129,26.601017031697193
RCPTRAINLORENZ_123,11.149454299138169,9.79998114017077,11.139402988958556,27.13660703394355
RCPTRAINLORENZ_124,11.066349903366378,9.96783482921269,11.149454299138169,27.238626038391086
RCPTRAINLORENZ_125,10.838362541762491,10.436101897636894,11.066349903366378,27.64899997672112
RCPTRAINLORENZ_126,10.802443537307763,10.668180837231386,10.838362541762491,28.23655019173873
RCPTRAINLORENZ_127,10.740592890374897,10.43523808276928,10.802443537307763,28.45586137386454
RCPTRAINLORENZ_128,10.382010859352926,10.453661933557457,10.740592890374897,28.84066156008041
RCPTRAINLORENZ_129,10.383502091147538,10.634002116788892,10.382010859352926,29.015491478330368
RCPTRAINLORENZ_130,10.972161846115483,10.88629347899338,10.383502091147538,29.23781758963731
RCPTRAINLORENZ_131,11.187947496837975,11.030032016769205,10.972161846115483,29.67952591388142
RCPTRAINLORENZ_132,11.616398970733911,11.231634019983883,11.187947496837975,29.78459777950438
RCPTRAINLORENZ_133,10.838353939836065,11.151463077245122,11.616398970733911,30.20265364688192
RCPTRAINLORENZ_134,10.238967309009682,11.56716507931806,10.838353939836065,30.40990128948725
RCPTRAINLORENZ_135,10.145515176578009,11.961981229866423,10.238967309009682,30.857647792527136
RCPTRAINLORENZ_136,9.314694522887725,11.712502401774262,10.145515176578009,31.35723287979755
RCPTRAINLORENZ_137,9.060226410102509,12.139979564974004,9.314694522887725,31.412899227982738
RCPTRAINLORENZ_138,8.667353239836887,12.018833556520306,9.060226410102509,31.958629832253692
RCPTRAINLORENZ_139,7.8999310019168245,12.090653037229204,8.667353239836887,32.41272987500655
RCPTRAINLORENZ_140,6.810138642114421,11.998244617295644,7.8999310019168245,32.558204143493946
RCPTRAINLORENZ_141,6.254775140638766,11.612465724348324,6.810138642114421,32.49929494461408
RCPTRAINLORENZ_142,5.806432871448405,10.922434762958808,6.254775140638766,32.22612639361998
RCPTRAINLORENZ_143,5.491954015796845,10.850786520301542,5.806432871448405,32.404391316915124
RCPTRAINLORENZ_144,4.857064270769427,9.906385346961162,5.491954015796845,31.950703175621932
RCPTRAINLORENZ_145,4.435179998016993,9.456291955080667,4.857064270769427,31.765656618242087
RCPTRAINLORENZ_146,3.7102229409262706,9.524108847250453,4.435179998016993,31.2009962783448
RCPTRAINLORENZ_147,3.709700759687055,8.779802263487069,3.7102229409262706,30.824408196754273
RCPTRAINLORENZ_148,3.458589308298926,8.20122899877389,3.709700759687055,30.743985926628984
RCPTRAINLORENZ_149,3.341949545451116,7.921026898042403,3.458589308298926,30.3267447695682
RCPTRAINLORENZ_150,3.2183118370754946,7.394472771002695,3.341949545451116,29.752955367478624
RCPTRAINLORENZ_151,2.9005746371411236,6.844212497782342,3.2183118370754946,29.129638934875906
RCPTRAINLORENZ_152,2.6772742902753253,7.004280811366161,2.9005746371411236,28.538544674262457
RCPTRAINLORENZ_153,2.2618568775020504,6.969756609499082,2.6772742902753253,28.191633034182857
RCPTRAINLORENZ_154,2.1973086806567492,6.822922514699364,2.2618568775020504,27.371786074882767
RCPTRAINLORENZ_155,2.572028512575957,6.347224340679867,2.1973086806567492,26.566104964625097
RCPTRAINLORENZ_156,2.281854496231009,5.37369565059548,2.572028512575957,26.512651330114128
RCPTRAINLORENZ_157,2.282437418796172,5.3334263414064305,2.281854496231009,25.49284155414968
RCPTRAINLORENZ_158,2.5868147636558114,5.288694727180477,2.282437418796172,25.110721974449817
RCPTRAINLORENZ_159,2.7104829669503174,5.143956071448919,2.5868147636558114,24.692191389310477
RCPTRAINLORENZ_160,2.644715959985506,4.907377064892815,2.7104829669503174,24.140371426753706
RCPTRAINLORENZ_161,3.0924696285141615,4.119842464983008,2.644715959985506,23.73890679854039
RCPTRAINLORENZ_162,2.989155982201035,3.7779021613140253,3.0924696285141615,23.419695280509092
RCPTRAINLORENZ_163,3.1115738438185776,3.669730683862454,2.989155982201035,23.225257628775893
RCPTRAINLORENZ_164,2.902303046995828,3.6964340305789016,3.1115738438185776,22.72161837071569
RCPTRAINLORENZ_165,3.1710608400588045,3.569557540753275,2.902303046995828,22.33644556468638
RCPTRAINLORENZ_166,3.1755114988244784,3.4315128142992455,3.1710608400588045,21.983273026782346
RCPTRAINLORENZ_167,3.8889005648659043,3.3908025510041075,3.1755114988244784,21.718677296926007
RCPTRAINLORENZ_168,3.643125579964731,3.27622642605209,3.8889005648659043,21.380492364838407
RCPTRAINLORENZ_169,3.6276350161258284,3.677265039510784,3.643125579964731,20.954029734827984
RCPTRAINLORENZ_170,3.7213746523861957,4.137770804984459,3.6276350161258284,20.43063155129183
RCPTRAINLORENZ_171,4.182412254682594,3.934929187452177,3.7213746523861957,19.523510450595406
RCPTRAINLORENZ_172,4.491652904251672,4.122690712478103,4.182412254682594,18.894400950984036
RCPTRAINLORENZ_173,5.098995864761044,4.242063332732858,4.491652904251672,18.780267449907377
RCPTRAINLORENZ_174,5.489606628410502,3.8151422390450684,5.098995864761044,18.241902081480152
RCPTRAINLORENZ_175,6.171581214482249,3.7965819324477903,5.489606628410502,18.104880378435368
RCPTRAINLORENZ_176,6.417206967228323,4.381048688243851,6.171581214482249,17.716568580791545
RCPTRAINLORENZ_177,6.8448455998267095,4.627411907047712,6.417206967228323,17.503882292056797
RCPTRAINLORENZ_178,7.162548051738712,4.741259998462686,6.8448455998267095,17.3008798481745
RCPTRAINLORENZ_179,7.556521898276227,4.915859629502327,7.162548051738712,17.179512567196937
RCPTRAINLORENZ_180,7.879386060092629,5.322105926750977,7.556521898276227,16.938961373013186
RCPTRAINLORENZ_181,8.697392102575794,5.3983510582972505,7.879386060092629,16.77857873390098
RCPTRAINLORENZ_182,9.120335059027253,5.83804974003138,8.697392102575794,16.42790530110011
RCPTRAINLORENZ_183,9.759910436843915,5.827509920883088,9.120335059027253,16.469418233219926
RCPTRAINLORENZ_184,9.847349983727742,6.354668967562409,9.759910436843915,16.60699413530226
RCPTRAINLORENZ_185,10.432624879254043,6.7810356016106965,9.847349983727742,16.999351404120507
RCPTRAINLORENZ_186,11.086279857775432,7.55182044990385,10.432624879254043,17.604926350708354
RCPTRAINLORENZ_187,11.682822186028819,7.73785645149759,11.086279857775432,17.675954103659233
RCPTRAINLORENZ_188,12.018077715286255,7.942417266920558,11.682822186028819,18.296275636864305
RCPTRAINLORENZ_189,12.361974420223273,8.623735844626777,12.018077715286255,18.658610896851204
RCPTRAINLORENZ_190,13.142801965227452,8.708411332746842,12.361974420223273,19.298897475943964
RCPTRAINLORENZ_191,14.05105883624013,9.792762653517881,13.142801965227452,19.553768775464583
RCPTRAINLORENZ_192,14.947497354732615,9.577757912022145,14.05105883624013,20.516524209134303
RCPTRAINLORENZ_193,15.465643686053584,9.88212658632969,14.947497354732615,21.426534409863255
RCPTRAINLORENZ_194,15.937998432010337,10.101267978859983,15.465643686053584,22.62404425289492
RCPTRAINLORENZ_195,16.367344103720935,10.5542347751424,15.937998432010337,23.089294485280686
RCPTRAINLORENZ_196,16.257144943386148,11.320921758071707,16.367344103720935,24.594103929501582
RCPTRAINLORENZ_197,16.30722860354482,11.542696541899616,16.257144943386148,25.37859856533304
RCPTRAINLORENZ_198,16.21855056140406,12.05075409572196,16.30722860354482,26.50435603531892
RCPTRAINLORENZ_199,16.283136556348403,12.789713463794586,16.21855056140406,28.126367438472357
RCPTRAINLORENZ_200,16.28497531249914,13.174777607789707,16.283136556348403,29.017617600624632
RCPTRAINLORENZ_201,15.867901386917804,14.036663471801619,16.28497531249914,30.35565807391171
RCPTRAINLORENZ_202,15.320358229032124,14.452324994712757,15.867901386917804,31.647329535890645
RCPTRAINLORENZ_203,13.987600022639985,14.46451832337378,15.320358229032124,32.59591026403868
RCPTRAINLORENZ_204,13.433341072077813,14.348174463475633,13.987600022639985,33.92563749417266
RCPTRAINLORENZ_205,11.804647498839035,14.312251989202503,13.433341072077813,35.32316644560269
RCPTRAINLORENZ_206,10.50741634639829,14.339751859584098,11.804647498839035,36.17117318111203
RCPTRAINLORENZ_207,8.595965280392587,14.054794506871469,10.50741634639829,37.22882134970842
RCPTRAINLORENZ_208,7.32937195383328,13.550983992796684,8.595965280392587,38.30694835192451
RCPTRAINLORENZ_209,5.951583109127477,12.520112502636438,7.32937195383328,38.18466113025914
RCPTRAINLORENZ_210,4.594253197702125,11.857536116608253,5.951583109127477,37.99819470018535
RCPTRAINLORENZ_211,3.1226388368365066,11.451715541200388,4.594253197702125,37.81865912197179
RCPTRAINLORENZ_212,1.9652661751466025,10.914336306723976,3.1226388368365066,37.63107248790598
RCPTRAINLORENZ_213,1.3824501999684986,10.019297948666585,1.9652661751466025,36.59482986191994
RCPTRAINLORENZ_214,0.7979273185806762,9.418815196324672,1.3824501999684986,35.825999023457896
RCPTRAINLORENZ_215,0.5385563340925874,8.776932246827831,0.7979273185806762,34.89142093485812
RCPTRAINLORENZ_216,0.1101513854965792,8.124173115897658,0.5385563340925874,34.01708367880298
RCPTRAINLORENZ_217,-0.8039215096054894,7.471891653092598,0.1101513854965792,33.316306646925554
RCPTRAINLORENZ_218,-0.737445553814318,6.7820294313104945,-0.8039215096054894,32.36526128206475
RCPTRAINLORENZ_219,-0.8474330155785351,6.1805309367431915,-0.737445553814318,31.561760446031972
RCPTRAINLORENZ_220,-1.2102531748645797,5.703372831631308,-0.8474330155785351,30.69672904408209
RCPTRAINLORENZ_221,-1.7069642670071141,4.926035038276051,-1.2102531748645797,29.7461908341333
RCPTRAINLORENZ_222,-1.786622066046602,4.469274028869616,-1.7069642670071141,28.425529522370002
RCPTRAINLORENZ_223,-1.6799584955560374,3.3963851742747235,-1.786622066046602,27.473416153327893
RCPTRAINLORENZ_224,-2.0940462217928895,2.9890717632837913,-1.6799584955560374,27.28449939332785
RCPTRAINLORENZ_225,-2.1430144315651227,2.807298083908833,-2.0940462217928895,26.258708433054707
RCPTRAINLORENZ_226,-2.0353832545660997,2.031517559939565,-2.1430144315651227,25.10660206073949
RCPTRAINLORENZ_227,-1.8679283100803636,1.753879441560081,-2.0353832545660997,24.445455119865873
RCPTRAINLORENZ_228,-1.7968875110840248,1.7180768715822594,-1.8679283100803636,23.93448747758913
RCPTRAINLORENZ_229,-1.7513398278578594,1.547818309858001,-1.7968875110840248,23.522640132744726
RCPTRAINLORENZ_230,-1.664409822092406,1.5259474378637505,-1.7513398278578594,22.884396448896535
RCPTRAINLORENZ_231,-1.5242578258662918,1.0139108371754826,-1.664409822092406,22.036567054048298
RCPTRAINLORENZ_232,-1.6485450960613806,0.8853347319401439,-1.5242578258662918,21.22909086046631
RCPTRAINLORENZ_233,-1.2504984233829886,0.7274171145187143,-1.6485450960613806,20.265618836322236
RCPTRAINLORENZ_234,-1.0446652000230976,0.4580473412090958,-1.2504984233829886,19.86455069136106
RCPTRAINLORENZ_235,-1.3399017749552151,0.2838357629142102,-1.0446652000230976,19.08258174017019
RCPTRAINLORENZ_236,-1.1160275663319659,0.19661491412627988,-1.3399017749552151,18.411171816073892
RCPTRAINLORENZ_237,-0.6942246780899934,0.46829657082562237,-1.1160275663319659,18.61469072504853
RCPTRAINLORENZ_238,-0.5839314288176394,0.35130222764618085,-0.6942246780899934,18.24651737470914
RCPTRAINLORENZ_239,-0.7344452928347707,0.23557918340011116,-0.5839314288176394,17.364875716010722
RCPTRAINLORENZ_240,-0.8402140735898653,0.44872622559947134,-0.7344452928347707,17.31054617467504
RCPTRAINLORENZ_241,-0.9165788037019156,0.7215424272370212,-0.8402140735898653,16.48670398924151
RCPTRAINLORENZ_242,-0.5381414876184716,0.6867108009818704,-0.9165788037019156,16.169719630167318
RCPTRAINLORENZ_243,-0.3289550723172685,0.3657939363661347,-0.5381414876184716,15.51622549913709
RCPTRAINLORENZ_244,-0.679835157162992,0.19084708698432457,-0.3289550723172685,15.273325515353566
RCPTRAINLORENZ_245,-0.20775709333565034,0.061753640473469415,-0.679835157162992,15.013990227179912
RCPTRAINLORENZ_246,-0.6189548445495894,-0.3653304504437135,-0.20775709333565034,14.742492660294676
RCPTRAINLORENZ_247,-0.5568375477397667,0.06033487089211009,-0.6189548445495894,14.5342011360493
RCPTRAINLORENZ_248,-0.3120979777793662,-0.4906287031702161,-0.5568375477397667,14.000564382763551
RCPTRAINLORENZ_249,-0.18877811924403287,-0.3767012394088265,-0.3120979777793662,13.462705017589286
RCPTRAINLORENZ_250,-0.38045834369036935,-0.5185266350058546,-0.18877811924403287,13.222805248847154
RCPTRAINLORENZ_251,-0.0874173552657469,-0.26399025583192004,-0.38045834369036935,12.615892887497834
RCPTRAINLORENZ_252,-0.09976240406893622,-0.1560362855306362,-0.0874173552657469,12.340208982174175
RCPTRAINLORENZ_253,-0.09170148560464883,0.5449814862361584,-0.09976240406893622,12.32583122090965
RCPTRAINLORENZ_254,-0.13081813936684178,0.5970512242002631,-0.09170148560464883,11.775010075008877
RCPTRAINLORENZ_255,0.30536397474296867,0.5284331892637107,-0.13081813936684178,10.946709080847409
RCPTRAINLORENZ_256,0.12450352720297922,0.3360500367337685,0.30536397474296867,10.613650139311895
RCPTRAINLORENZ_257,0.05363969776065766,0.7760708539500452,0.12450352720297922,10.385031286820219
RCPTRAINLORENZ_258,-0.14925928425881757,0.7030698316370476,0.05363969776065766,10.079839073471755
RCPTRAINLORENZ_259,-0.2148769560108327,0.41994269753330926,-0.14925928425881757,9.953998128861556
RCPTRAINLORENZ_260,0.2817406930270089,0.6293406056659736,-0.2148769560108327,9.897815169038862
RCPTRAINLORENZ_261,0.10665707275057917,0.7803556678709749,0.2817406930270089,9.375193971815257
RCPTRAINLORENZ_262,-0.046295312795148535,1.0822857471839833,0.10665707275057917,8.635465619349569
RCPTRAINLORENZ_263,0.06422203539490018,1.2216839207490737,-0.046295312795148535,8.573641872421955
RCPTRAINLORENZ_264,0.2744966806355806,0.7309644522219098,0.06422203539490018,7.886576561336525
RCPTRAINLORENZ_265,0.20467430669799558,0.8297488325726092,0.2744966806355806,7.673940604777492
RCPTRAINLORENZ_266,0.16664474124667059,0.5793309347641721,0.20467430669799558,7.67949556511102
RCPTRAINLORENZ_267,0.09599289484689269,0.5331852934187759,0.16664474124667059,7.321512861016125
RCPTRAINLORENZ_268,0.31882641199960693,0.6108725348630545,0.09599289484689269,7.24561505349279
RCPTRAINLORENZ_269,0.09334940018324461,0.6621782041813968,0.31882641199960693,6.943508230097444
RCPTRAINLORENZ_270,0.2723208518209997,0.6282149814374577,0.09334940018324461,7.0227025641144785
RCPTRAINLORENZ_271,0.6071234826946103,0.42503784606044176,0.2723208518209997,6.768963196400488
RCPTRAINLORENZ_272,1.0244771709709302,0.6487534227317732,0.6071234826946103,6.199283588148675
RCPTRAINLORENZ_273,0.8232789632251081,0.33506436951612184,1.0244771709709302,5.957556786875804
RCPTRAINLORENZ_274,0.9291117170510311,0.6383598788012184,0.8232789632251081,5.573236319802937
RCPTRAINLORENZ_275,1.4921916439390053,1.0055208169695393,0.9291117170510311,5.4162351251734115
RCPTRAINLORENZ_276,1.8946250915910556,0.9321617223953538,1.4921916439390053,5.597590451492527
RCPTRAINLORENZ_277,1.6627469958972838,0.9457199557109419,1.8946250915910556,5.234318774385067
RCPTRAINLORENZ_278,2.1126988086390246,1.3034997851950736,1.6627469958972838,4.771712608593096
RCPTRAINLORENZ_279,2.568889169286665,1.8129492105804743,2.1126988086390246,4.775360875666691
RCPTRAINLORENZ_280,3.066406539132544,1.7578034701348932,2.568889169286665,4.387602325252673
RCPTRAINLORENZ_281,3.5216119065076734,1.3232144095322265,3.066406539132544,4.484917102826642
RCPTRAINLORENZ_282,3.8627979843638807,1.6788025792473447,3.5216119065076734,4.44543981282879
RCPTRAINLORENZ_283,4.141959356049536,1.5534997909567738,3.8627979843638807,4.510516714805788
RCPTRAINLORENZ_284,4.670820439318458,1.53174559532475,4.141959356049536,4.538067087652466
RCPTRAINLORENZ_285,5.071608902469333,1.983753890239593,4.670820439318458,4.479825187342997
RCPTRAINLORENZ_286,5.484392730872509,2.294918473338786,5.071608902469333,4.832928208471448
RCPTRAINLORENZ_287,5.540823662937455,1.8895382705987498,5.484392730872509,4.806472532134161
RCPTRAINLORENZ_288,6.011435916751402,2.2548404779870985,5.540823662937455,4.669466798992955
RCPTRAINLORENZ_289,6.072445798132279,2.433227927164023,6.011435916751402,4.217832177463877
RCPTRAINLORENZ_290,6.71055989551512,3.010078149169652,6.072445798132279,4.352612552742197
RCPTRAINLORENZ_291,7.449968054219723,3.019591128666554,6.71055989551512,4.729062738687792
RCPTRAINLORENZ_292,8.142274882614549,3.1426453174699316,7.449968054219723,4.931512564366122
RCPTRAINLORENZ_293,8.331581158984042,3.378660786440196,8.142274882614549,5.0245296244338675
RCPTRAINLORENZ_294,9.1592146189013,3.671871022275821,8.331581158984042,4.766879751550616
RCPTRAINLORENZ_295,10.27459569989251,4.075613545698101,9.1592146189013,4.945341305901592
RCPTRAINLORENZ_296,11.28743777448081,4.563814223197747,10.27459569989251,5.2793405242134845
RCPTRAINLORENZ_297,12.270026897208417,5.053048378459219,11.28743777448081,5.9433039678990625
RCPTRAINLORENZ_298,13.617789324453286,5.645275746970611,12.270026897208417,6.0008237943639555
RCPTRAINLORENZ_299,14.8792132074873,6.294406793067699,13.617789324453286,6.501902729556109
RCPTRAINLORENZ_300,10.424926868905121,-10.708295548746655,11.696780793335577,15.79770471516047
RCPTRAINLORENZ_301,9.30123512699482,-8.557429593078613,10.424926868905121,14.206693484737702
RCPTRAINLORENZ_302,8.360252051742194,-6.467236506886103,9.30123512699482,12.683291817465523
RCPTRAINLORENZ_303,7.59318768920538,-4.689337057590043,8.360252051742194,11.336833830667354
RCPTRAINLORENZ_304,6.6038026355160175,-2.9502707522725364,7.59318768920538,10.799326293622903
RCPTRAINLORENZ_305,6.056112335749594,-2.011945393208888,6.6038026355160175,10.446558989819687
RCPTRAINLORENZ_306,5.824929677909978,-1.2618380742970519,6.056112335749594,9.637275459139463
RCPTRAINLORENZ_307,5.522361413026446,-0.7089444370882784,5.824929677909978,9.58746271160094
RCPTRAINLORENZ_308,5.540266221336802,-0.17289301887577474,5.522361413026446,9.289256800904706
RCPTRAINLORENZ_309,5.455621346932679,0.3509146225228432,5.540266221336802,8.82583276416654
RCPTRAINLORENZ_310,5.897330501162104,1.3525558116828529,5.455621346932679,8.811083861083192
RCPTRAINLORENZ_311,5.948508575017256,1.841065256104953,5.897330501162104,8.739261014416751
RCPTRAINLORENZ_312,6.16939908994443,1.9894664277386078,5.948508575017256,8.89923615051739
RCPTRAINLORENZ_313,6.536049466276201,2.473862918830223,6.16939908994443,8.914506568287255
RCPTRAINLORENZ_314,7.1794849298024115,2.9520448815371587,6.536049466276201,8.66907964586346
RCPTRAINLORENZ_315,7.5833872824054165,3.440891514941087,7.1794849298024115,8.697502702729098
RCPTRAINLORENZ_316,8.599872464054734,3.781946313211938,7.5833872824054165,8.740529766871383
RCPTRAINLORENZ_317,9.202351035671338,3.986204445250443,8.599872464054734,9.126815836033897
RCPTRAINLORENZ_318,10.05628986414311,4.422674874978085,9.202351035671338,9.139220656541289
RCPTRAINLORENZ_319,10.46284130390072,4.61679758973132,10.05628986414311,9.396779601825255
RCPTRAINLORENZ_320,11.3530962825544,5.122307930692366,10.46284130390072,9.58919917468811
RCPTRAINLORENZ_321,12.402983463874078,5.75483530105107,11.3530962825544,9.43395130905082
RCPTRAINLORENZ_322,13.431117197148524,6.7437423037411675,12.402983463874078,9.703306222397181
RCPTRAINLORENZ_323,14.553382321464422,7.664053296284014,13.431117197148524,10.3074060766573
RCPTRAINLORENZ_324,15.390316438989295,8.20214439673507,14.553382321464422,11.588392025233661
RCPTRAINLORENZ_325,16.61803855685111,8.960837114786818,15.390316438989295,12.559109281770594
RCPTRAINLORENZ_326,17.542999963362647,9.731139178487904,16.61803855685111,13.641497742143635
RCPTRAINLORENZ_327,18.6072208970361,10.371297904557606,17.542999963362647,14.802551135691116
RCPTRAINLORENZ_328,19.54316323410724,10.963682502448185,18.6072208970361,16.368246754416717
RCPTRAINLORENZ_329,20.628209128935232,11.612626908709526,19.54316323410724,17.80667348398021
RCPTRAINLORENZ_330,21.37564693014391,12.451817972812478,20.628209128935232,19.577977180351255
RCPTRAINLORENZ_331,21.987380688029962,13.407831600474541,21.37564693014391,21.90886083475749
RCPTRAINLORENZ_332,22.11640677746914,13.861013066365555,21.987380688029962,23.755187197957827
RCPTRAINLORENZ_333,22.041025856258035,14.754959805526134,22.11640677746914,26.592063436280586
RCPTRAINLORENZ_334,21.873082271760317,15.6166001176637,22.041025856258035,28.767493918997978
RCPTRAINLORENZ_335,20.97262250472596,16.13716294759881,21.873082271760317,31.288042901551552
RCPTRAINLORENZ_336,20.04110173148772,16.90445798974995,20.97262250472596,34.27548091360057
RCPTRAINLORENZ_337,18.222996247927654,17.735211513604735,20.04110173148772,36.78852372931589
RCPTRAINLORENZ_338,16.024982104081747,18.31128530949124,18.222996247927654,39.47191343983064
RCPTRAINLORENZ_339,13.22115950475822,18.399900453618436,16.024982104081747,41.603479830560644
RCPTRAINLORENZ_340,10.30994585929001,18.193224074949793,13.22115950475822,43.360827549108365
RCPTRAINLORENZ_341,7.353389202606718,18.144310364161196,10.30994585929001,44.57870732267857
RCPTRAINLORENZ_342,4.410929176713682,17.40101107525852,7.353389202606718,45.51599628103615
RCPTRAINLORENZ_343,1.8647855921003456,16.366310891636264,4.410929176713682,45.51710938903642
RCPTRAINLORENZ_344,-0.4851840135310937,15.153812141437138,1.8647855921003456,45.05521940748401
RCPTRAINLORENZ_345,-2.6503750264351242,13.728711725659483,-0.4851840135310937,44.00973498583714
RCPTRAINLORENZ_346,-4.424032912633424,12.086075180514735,-2.6503750264351242,42.44428170332211
RCPTRAINLORENZ_347,-5.848330795910937,10.904566318881919,-4.424032912633424,40.64367548643469
RCPTRAINLORENZ_348,-6.5650453893926475,9.55074640616648,-5.848330795910937,39.083047196191586
RCPTRAINLORENZ_349,-7.518462880336146,7.706310342815424,-6.5650453893926475,37.614562069009914
RCPTRAINLORENZ_350,-8.000382856272774,6.061809980556286,-7.518462880336146,35.963854108685126
RCPTRAINLORENZ_351,-8.442862641760788,4.360900945197333,-8.000382856272774,34.74837558122274
RCPTRAINLORENZ_352,-8.468802686488674,3.784151403725048,-8.442862641760788,33.937563259298656
RCPTRAINLORENZ_353,-8.649597822574389,2.3473455211452996,-8.468802686488674,32.635872410523824
RCPTRAINLORENZ_354,-8.442155576118335,0.9916711693544724,-8.649597822574389,31.731612837528512
RCPTRAINLORENZ_355,-8.263703245268047,0.06467253878684087,-8.442155576118335,30.64127988673172
RCPTRAINLORENZ_356,-7.6953692200532124,-0.7560407196974351,-8.263703245268047,30.146318346766186
RCPTRAINLORENZ_357,-7.365114790340482,-1.9229090234762412,-7.6953692200532124,29.27570556373952
RCPTRAINLORENZ_358,-7.412795353866312,-2.8603368910039677,-7.365114790340482,28.742332091498074
RCPTRAINLORENZ_359,-7.265434688771715,-3.3649855378508886,-7.412795353866312,28.328448561695428
RCPTRAINLORENZ_360,-7.080988721404049,-3.813587946020596,-7.265434688771715,27.69997734410307
RCPTRAINLORENZ_361,-6.983200996618949,-4.416055499564268,-7.080988721404049,27.413709036992284
RCPTRAINLORENZ_362,-7.085546942706257,-4.863935307478261,-6.983200996618949,27.224877213182033
RCPTRAINLORENZ_363,-7.250186831434248,-4.746781288244625,-7.085546942706257,27.121960316682294
RCPTRAINLORENZ_364,-7.427163456270201,-4.967108999049082,-7.250186831434248,27.468824077200665
RCPTRAINLORENZ_365,-7.712861075859617,-5.218135697794544,-7.427163456270201,27.700130505713677
RCPTRAINLORENZ_366,-7.669435009982278,-5.549589252532808,-7.712861075859617,27.148227973068863
RCPTRAINLORENZ_367,-7.741617607452594,-5.758100632428435,-7.669435009982278,26.883751530487018
RCPTRAINLORENZ_368,-7.764153023689193,-6.196835918220859,-7.741617607452594,26.633810284847176
RCPTRAINLORENZ_369,-7.566518700556384,-5.815586728761501,-7.764153023689193,26.394450822897802
RCPTRAINLORENZ_370,-7.466249910713346,-6.023833258596951,-7.566518700556384,26.260266777927146
RCPTRAINLORENZ_371,-7.288994257418083,-6.322626600381527,-7.466249910713346,25.84910966879284
RCPTRAINLORENZ_372,-7.726187422758502,-6.512815753308111,-7.288994257418083,25.538399943414724
RCPTRAINLORENZ_373,-7.570774448122223,-6.400627110979717,-7.726187422758502,25.254570738706196
RCPTRAINLORENZ_374,-7.460551370448469,-6.835987417038015,-7.570774448122223,25.216577838118983
RCPTRAINLORENZ_375,-7.462253209169422,-6.557889922208744,-7.460551370448469,25.161910875318362
RCPTRAINLORENZ_376,-7.951324355495292,-6.845145006761394,-7.462253209169422,24.878774155037046
RCPTRAINLORENZ_377,-8.187808016607374,-6.970173503449633,-7.951324355495292,25.01083821595312
RCPTRAINLORENZ_378,-8.327534949702587,-7.3717861726975915,-8.187808016607374,25.311187688707967
RCPTRAINLORENZ_379,-8.93866195540673,-8.093439445736324,-8.327534949702587,24.776638825646963
RCPTRAINLORENZ_380,-9.704342528840689,-8.359492605295616,-8.93866195540673,25.006712399321987
RCPTRAINLORENZ_381,-9.504757855134502,-8.082661203020592,-9.704342528840689,24.771128352695534
RCPTRAINLORENZ_382,-10.145949913426788,-7.874206311410794,-9.504757855134502,25.056506974907467
RCPTRAINLORENZ_383,-10.363317158782117,-7.998577442180317,-10.145949913426788,25.050902194487257
RCPTRAINLORENZ_384,-10.767195065374082,-8.22435619574247,-10.363317158782117,25.133006432492113
RCPTRAINLORENZ_385,-11.188348120179088,-8.185025073198227,-10.767195065374082,25.10292968752701
RCPTRAINLORENZ_386,-11.307856424386292,-8.280967170662882,-11.188348120179088,25.166374690276417
RCPTRAINLORENZ_387,-11.402689768180267,-8.835223051725874,-11.307856424386292,25.73824395073877
RCPTRAINLORENZ_388,-11.263340487480155,-9.403351291654324,-11.402689768180267,26.510598970044896
RCPTRAINLORENZ_389,-11.389137946808289,-9.657161137133357,-11.263340487480155,26.694817075332463
RCPTRAINLORENZ_390,-11.494062464600749,-10.374547361419733,-11.389137946808289,27.003371950064793
RCPTRAINLORENZ_391,-11.8369045205521,-10.463681784170769,-11.494062464600749,27.516592057094577
RCPTRAINLORENZ_392,-11.603781709946281,-10.65470879629298,-11.8369045205521,28.127721901022863
RCPTRAINLORENZ_393,-11.228217620076363,-11.022682191153196,-11.603781709946281,28.597667327530615
RCPTRAINLORENZ_394,-11.013092075057944,-11.071459666408053,-11.228217620076363,29.37161621526761
RCPTRAINLORENZ_395,-10.622717666888315,-11.044544625165422,-11.013092075057944,29.981744779847418
RCPTRAINLORENZ_396,-10.158122242413222,-11.348148459316391,-10.622717666888315,30.493864387349305
RCPTRAINLORENZ_397,-10.104201411093724,-11.670773127792296,-10.158122242413222,30.864928775226957
RCPTRAINLORENZ_398,-9.475869104210009,-11.568105626671555,-10.104201411093724,31.59822983877797
RCPTRAINLORENZ_399,-9.332865650543166,-11.199032594048958,-9.475869104210009,32.03066245191198
RCPTRAINLORENZ_400,-8.966289941624336,-11.17097409199051,-9.332865650543166,32.21595551337029
RCPTRAINLORENZ_401,-8.41430942226367,-11.201664115786246,-8.966289941624336,32.11523143461291
RCPTRAINLORENZ_402,-7.776597833732193,-11.35672269214221,-8.41430942226367,32.35295779312032
RCPTRAINLORENZ_403,-7.035935270373456,-10.775174170370903,-7.776597833732193,32.104864342982665
RCPTRAINLORENZ_404,-6.540765789894031,-10.399954452784282,-7.035935270373456,31.967193854196033
RCPTRAINLORENZ_405,-5.882607681838876,-10.04813670993275,-6.540765789894031,32.13136783837251
RCPTRAINLORENZ_406,-5.402541010657371,-9.63785505244967,-5.882607681838876,31.765817538612783
RCPTRAINLORENZ_407,-5.1978681369969735,-9.233375594231235,-5.402541010657371,31.303832192084357
RCPTRAINLORENZ_408,-4.911779280059808,-8.952854219491082,-5.1978681369969735,31.33032902603502
RCPTRAINLORENZ_409,-4.519354420104719,-8.604354960949724,-4.911779280059808,31.102707163060973
RCPTRAINLORENZ_410,-4.403255042867109,-8.224439152890074,-4.519354420104719,30.498725478079738
RCPTRAINLORENZ_411,-4.476766312733423,-7.628050169347872,-4.403255042867109,29.941713512539458
RCPTRAINLORENZ_412,-4.190177226446592,-7.052171766435025,-4.476766312733423,29.580445472549993
RCPTRAINLORENZ_413,-3.8263503779795,-6.895925591418981,-4.190177226446592,28.793718603749415
RCPTRAINLORENZ_414,-3.8045507673220587,-6.860784972069392,-3.8263503779795,28.700051045078833
RCPTRAINLORENZ_415,-3.5486817421360293,-6.730422994149953,-3.8045507673220587,28.249808527524333
RCPTRAINLORENZ_416,-3.5645758775690437,-6.873818894164308,-3.5486817421360293,27.34628580505192
RCPTRAINLORENZ_417,-3.2539410952508923,-6.604036346863593,-3.5645758775690437,26.87786322920163
RCPTRAINLORENZ_418,-3.208593609539401,-5.934976020548562,-3.2539410952508923,26.047880293603196
RCPTRAINLORENZ_419,-3.493225350106747,-5.816171434991304,-3.208593609539401,25.44941998794292
RCPTRAINLORENZ_420,-3.634966598203165,-5.576475366177691,-3.493225350106747,24.86657450038179
RCPTRAINLORENZ_421,-4.145501261912515,-5.680876425829449,-3.634966598203165,24.409212678113523
RCPTRAINLORENZ_422,-4.114308121483322,-5.285777083494814,-4.145501261912515,24.08390313248075
RCPTRAINLORENZ_423,-4.026847203417421,-5.110944129562619,-4.114308121483322,23.572408763929563
RCPTRAINLORENZ_424,-3.818586213918252,-5.111457010288449,-4.026847203417421,23.146355847063866
RCPTRAINLORENZ_425,-4.433444689993157,-4.606143421281259,-3.818586213918252,22.649235256318324
RCPTRAINLORENZ_426,-4.8390705454210075,-4.5889682462984185,-4.433444689993157,22.341260879839137
RCPTRAINLORENZ_427,-4.605506205115378,-4.708440016564349,-4.8390705454210075,21.911845395193602
RCPTRAINLORENZ_428,-4.674039239880952,-4.729470093693833,-4.605506205115378,21.62553898221792
RCPTRAINLORENZ_429,-5.300984812276164,-4.8492990983810165,-4.674039239880952,21.18023198144324
RCPTRAINLORENZ_430,-5.206413979070009,-4.59498549178045,-5.300984812276164,21.340907549265726
RCPTRAINLORENZ_431,-5.857479577705069,-4.674993237233357,-5.206413979070009,21.193988851126356
RCPTRAINLORENZ_432,-6.187685085823775,-4.960310350817678,-5.857479577705069,21.138028542276842
RCPTRAINLORENZ_433,-6.500935936308782,-4.983359585552265,-6.187685085823775,21.123155480415893
RCPTRAINLORENZ_434,-6.8682643926466165,-5.111825264296855,-6.500935936308782,20.591315634651618
RCPTRAINLORENZ_435,-7.493578618762746,-5.111335444604045,-6.8682643926466165,20.61659481426627
RCPTRAINLORENZ_436,-7.686437067182526,-5.585345872684588,-7.493578618762746,20.38936723457745
RCPTRAINLORENZ_437,-8.417280567911021,-5.497978193359681,-7.686437067182526,20.253757837254568
RCPTRAINLORENZ_438,-8.880985350527512,-5.867499390383428,-8.417280567911021,19.61406083099329
RCPTRAINLORENZ_439,-9.3408278705996,-5.901787056758825,-8.880985350527512,19.474489106412364
RCPTRAINLORENZ_440,-9.804135251002524,-6.376490359851086,-9.3408278705996,19.50733057929707
RCPTRAINLORENZ_441,-10.481384142762824,-6.635692947905742,-9.804135251002524,19.199243475750162
RCPTRAINLORENZ_442,-11.4642192214311,-6.782310343404022,-10.481384142762824,19.40996384186316
RCPTRAINLORENZ_443,-11.990517825835576,-7.191325147209435,-11.4642192214311,19.889062395868738
RCPTRAINLORENZ_444,-12.586352110585597,-7.605548517917403,-11.990517825835576,20.667448789246087
RCPTRAINLORENZ_445,-12.786607678939633,-7.946023127110238,-12.586352110585597,20.76842105936913
RCPTRAINLORENZ_446,-13.259370965840656,-8.74656517673288,-12.786607678939633,21.038945989013023
RCPTRAINLORENZ_447,-13.397837062992343,-9.491830254613054,-13.259370965840656,21.65948422859844
RCPTRAINLORENZ_448,-13.797810496068385,-9.911107381852467,-13.397837062992343,22.066827442924104
RCPTRAINLORENZ_449,-13.853739154612796,-10.155343914492471,-13.797810496068385,23.069708851572805
RCPTRAINLORENZ_450,-14.102424300893167,-10.71472600859303,-13.853739154612796,23.7575061136673
RCPTRAINLORENZ_451,-14.379041761806416,-10.775617764854555,-14.102424300893167,24.350944272448622
RCPTRAINLORENZ_452,-14.709605422950586,-11.220845541920479,-14.379041761806416,25.409171593104013
RCPTRAINLORENZ_453,-14.591115260868639,-11.370358582186432,-14.709605422950586,26.092366188224805
RCPTRAINLORENZ_454,-14.953405014897447,-12.025063162890834,-14.591115260868639,27.302825236135178
RCPTRAINLORENZ_455,-14.739934989132397,-12.107644116241712,-14.953405014897447,28.097845954211824
RCPTRAINLORENZ_456,-14.626762771212688,-12.161338553165159,-14.739934989132397,29.52303733057337
RCPTRAINLORENZ_457,-14.231519786383247,-12.375652299556226,-14.626762771212688,30.061300469846074
RCPTRAINLORENZ_458,-13.79899138191291,-12.650361525195487,-14.231519786383247,30.375749346060406
RCPTRAINLORENZ_459,-13.320571339797457,-12.74623546509837,-13.79899138191291,31.004365667525725
RCPTRAINLORENZ_460,-12.476958137324782,-12.696567485728025,-13.320571339797457,31.926614135688993
RCPTRAINLORENZ_461,-11.947744485561078,-12.962262388710744,-12.476958137324782,32.908739291231235
RCPTRAINLORENZ_462,-10.901168362578188,-13.058274785788285,-11.947744485561078,34.15385825832281
RCPTRAINLORENZ_463,-9.727365757479038,-12.972056896505503,-10.901168362578188,34.3497904544144
RCPTRAINLORENZ_464,-8.591480447462034,-12.814696673727735,-9.727365757479038,34.57601564268137
RCPTRAINLORENZ_465,-7.868353845919189,-12.388612640445768,-8.591480447462034,35.00057256032703
RCPTRAINLORENZ_466,-7.019123363638475,-11.871535880205014,-7.868353845919189,34.696560537584546
RCPTRAINLORENZ_467,-6.10297472824545,-11.529357556296832,-7.019123363638475,34.73812514294758
RCPTRAINLORENZ_468,-5.860135008010873,-10.895124349051592,-6.10297472824545,34.58351346368728
RCPTRAINLORENZ_469,-4.852941519387741,-9.821903171211408,-5.860135008010873,34.63957842610874
RCPTRAINLORENZ_470,-4.275774564375945,-9.38746192913183,-4.852941519387741,34.27969174287703
RCPTRAINLORENZ_471,-3.586147923903784,-9.230488509730282,-4.275774564375945,33.85870076188665
RCPTRAINLORENZ_472,-3.0059387057148967,-8.92791390063444,-3.586147923903784,33.086559325443126
RCPTRAINLORENZ_473,-2.144538545286756,-8.278687976924402,-3.0059387057148967,32.76476697665479
RCPTRAINLORENZ_474,-1.7423737880501422,-7.807882509357198,-2.144538545286756,31.850475228338613
RCPTRAINLORENZ_475,-1.1139754100162025,-6.892736199079134,-1.7423737880501422,31.245625750063983
RCPTRAINLORENZ_476,-0.9264902720802037,-6.236782995811479,-1.1139754100162025,30.606681653395576
RCPTRAINLORENZ_477,-0.9098714018325679,-5.429638255672922,-0.9264902720802037,29.95574396618634
RCPTRAINLORENZ_478,-0.6721725650223486,-4.58612324385395,-0.9098714018325679,29.504953383386436
RCPTRAINLORENZ_479,-1.0512378362250672,-4.356583260365812,-0.6721725650223486,28.407691656220795
RCPTRAINLORENZ_480,-0.9903884388115256,-4.136373973489906,-1.0512378362250672,27.676850051229923
RCPTRAINLORENZ_481,-0.9623663076449256,-4.414814134243863,-0.9903884388115256,26.960778746352958
RCPTRAINLORENZ_482,-0.687151527025984,-3.835033503022388,-0.9623663076449256,26.573357761194355
RCPTRAINLORENZ_483,-0.9738130078994134,-3.701178393130759,-0.687151527025984,26.106199758906136
RCPTRAINLORENZ_484,-1.0965480371240799,-3.6804156314844403,-0.9738130078994134,25.346650405108154
RCPTRAINLORENZ_485,-1.0757085467519747,-3.266258207128007,-1.0965480371240799,24.953215419537337
RCPTRAINLORENZ_486,-1.7463340586448193,-2.8456214508670445,-1.0757085467519747,24.28329703541656
RCPTRAINLORENZ_487,-1.7594400163730588,-2.7068448982914575,-1.7463340586448193,23.844728750174944
RCPTRAINLORENZ_488,-1.990043905741699,-2.5123821465157743,-1.7594400163730588,23.182982065190828
RCPTRAINLORENZ_489,-2.1685764118716007,-2.299927366964009,-1.990043905741699,22.344568936152537
RCPTRAINLORENZ_490,-1.9351787183473808,-2.8936164976194596,-2.1685764118716007,22.002887866032736
RCPTRAINLORENZ_491,-1.9212461452589809,-2.7566406296378068,-1.9351787183473808,21.750515708738067
RCPTRAINLORENZ_492,-2.596868086074229,-2.725491889683305,-1.9212461452589809,20.865166159708142
RCPTRAINLORENZ_493,-2.937846956676837,-2.8633708365602057,-2.596868086074229,19.941433550195708
RCPTRAINLORENZ_494,-2.920426446365816,-2.7750253754544927,-2.937846956676837,19.302413004762975
RCPTRAINLORENZ_495,-3.112226389642753,-2.8718851081733647,-2.920426446365816,19.270703752974224
RCPTRAINLORENZ_496,-3.464715162637271,-3.1239809681075403,-3.112226389642753,19.256158862992304
RCPTRAINLORENZ_497,-3.3766692841673662,-2.962167729271315,-3.464715162637271,19.097339565274982
RCPTRAINLORENZ_498,-3.3235784544643323,-3.258282181106161,-3.3766692841673662,18.405154898024396
RCPTRAINLORENZ_499,-3.386525427572389,-3.2753189211948435,-3.3235784544643323,17.725910200046
RCPTRAINLORENZ_500,-3.718906089781678,-3.08910325688279,-3.386525427572389,16.887903391071877
RCPTRAINLORENZ_501,-4.044591782291494,-3.129718669853683,-3.718906089781678,16.544205596885316
RCPTRAINLORENZ_502,-4.1657151664034515,-2.95728668827834,-4.044591782291494,16.37119253586802
RCPTRAINLORENZ_503,-4.175317588221104,-3.1503866284690436,-4.1657151664034515,15.978098359735728
RCPTRAINLORENZ_504,-4.815379437046129,-2.9122396268181756,-4.175317588221104,15.827303053948485
RCPTRAINLORENZ_505,-5.213589346959321,-2.996440976378567,-4.815379437046129,16.062692938442627
RCPTRAINLORENZ_506,-4.99819302325031,-3.0997942784376185,-5.213589346959321,15.529535995256323
RCPTRAINLORENZ_507,-5.256867815733061,-3.3769305831659127,-4.99819302325031,15.373463786629664
RCPTRAINLORENZ_508,-5.222413992950741,-3.18294936280071,-5.256867815733061,15.105114392244621
RCPTRAINLORENZ_509,-6.091847858658706,-3.219010258254993,-5.222413992950741,14.747656728777828
RCPTRAINLORENZ_510,-6.486530413256287,-3.9116271624702112,-6.091847858658706,14.313144591599457
RCPTRAINLORENZ_511,-6.549703721509453,-4.853675906632815,-6.486530413256287,14.381732846292138
RCPTRAINLORENZ_512,-7.308619228582479,-5.110781069013725,-6.549703721509453,13.940975147630919
RCPTRAINLORENZ_513,-7.753656527195147,-4.997636558418545,-7.308619228582479,13.946249876320271
RCPTRAINLORENZ_514,-8.719110478067176,-5.507954525663,-7.753656527195147,13.86210644846645
RCPTRAINLORENZ_515,-9.332907955479133,-5.828138610020918,-8.719110478067176,13.892044046105067
RCPTRAINLORENZ_516,-10.210029377987471,-6.471599809079167,-9.332907955479133,13.95202760814701
RCPTRAINLORENZ_517,-10.979211522292484,-6.557227610394495,-10.210029377987471,14.425074471595025
RCPTRAINLORENZ_518,-11.41386007003674,-6.749947330448384,-10.979211522292484,14.653937453614176
RCPTRAINLORENZ_519,-12.353597973089915,-7.8376701451150845,-11.41386007003674,14.93486550400247
RCPTRAINLORENZ_520,-13.22960323860643,-7.798371629270269,-12.353597973089915,15.258016824088429
RCPTRAINLORENZ_521,-14.343797108423285,-8.257399755582012,-13.22960323860643,15.70167486803084
RCPTRAINLORENZ_522,-15.417264288345972,-8.80567244162141,-14.343797108423285,16.33713581028517
RCPTRAINLORENZ_523,-16.107517202680455,-9.472708135972507,-15.417264288345972,16.99044082518946
RCPTRAINLORENZ_524,-16.900984702647175,-10.030826443963901,-16.107517202680455,17.608804649432884
RCPTRAINLORENZ_525,-17.782439220691867,-10.270756565349036,-16.900984702647175,18.83760743187982
RCPTRAINLORENZ_526,-18.348255600752307,-10.924898607445423,-17.782439220691867,20.303915569334603
RCPTRAINLORENZ_527,-18.804074545525346,-11.427875070238821,-18.348255600752307,22.314399247410545
RCPTRAINLORENZ_528,-18.94234216471434,-11.73145360278204,-18.804074545525346,24.153622516727214
RCPTRAINLORENZ_529,-18.774391308098547,-12.294628607322679,-18.94234216471434,25.67253737809744
RCPTRAINLORENZ_530,-18.898692030828602,-13.213404720962751,-18.774391308098547,27.29404799072592
RCPTRAINLORENZ_531,-18.93109917769446,-13.781887872541498,-18.898692030828602,29.05930734862492
RCPTRAINLORENZ_532,-18.540249535200992,-14.420964712075042,-18.93109917769446,30.957155953095654
RCPTRAINLORENZ_533,-17.33505082457203,-15.190931698155945,-18.540249535200992,32.96139681421813
RCPTRAINLORENZ_534,-16.281357121381948,-15.482377327046953,-17.33505082457203,34.36351285229763
RCPTRAINLORENZ_535,-14.437890806748825,-15.092710615859643,-16.281357121381948,36.50966866707741
RCPTRAINLORENZ_536,-13.288666921266621,-15.126137654371153,-14.437890806748825,38.27668440830204
RCPTRAINLORENZ_537,-11.457974791174223,-14.775159645410696,-13.288666921266621,39.689995383559015
RCPTRAINLORENZ_538,-9.339372339718516,-14.494833887183415,-11.457974791174223,40.6477956292003
RCPTRAINLORENZ_539,-7.2227790917520664,-14.408752431809756,-9.339372339718516,41.542877397749415
RCPTRAINLORENZ_540,-5.485572860965232,-13.93593188647485,-7.2227790917520664,41.74510807188433
RCPTRAINLORENZ_541,-3.767596118679091,-13.047733407993771,-5.485572860965232,41.47530289734982
RCPTRAINLORENZ_542,-2.1168234796169254,-12.45252730155012,-3.767596118679091,40.914848759416884
RCPTRAINLORENZ_543,-1.2554471840999462,-11.62290981580534,-2.1168234796169254,40.32764663114917
RCPTRAINLORENZ_544,0.01783238885581703,-10.774917389521896,-1.2554471840999462,39.58618339262461
RCPTRAINLORENZ_545,1.3201760857973583,-10.089462179639336,0.01783238885581703,38.77353706839875
RCPTRAINLORENZ_546,2.1085972810828775,-9.59901602540579,1.3201760857973583,37.486793527214864
RCPTRAINLORENZ_547,2.6539328886201154,-8.340126048547264,2.1085972810828775,36.92504177381477
RCPTRAINLORENZ_548,3.0759981442435134,-7.148779420793581,2.6539328886201154,35.24351468960108
RCPTRAINLORENZ_549,2.9254894569396437,-5.802857559297527,3.0759981442435134,34.15835521833702
RCPTRAINLORENZ_550,3.2064096723202384,-4.888169630612962,2.9254894569396437,33.72548832369482
RCPTRAINLORENZ_551,3.43239644240498,-4.687750053095448,3.2064096723202384,32.79790952800167
RCPTRAINLORENZ_552,3.5705100105994316,-3.933685615920597,3.43239644240498,31.582003939828574
RCPTRAINLORENZ_553,3.153632582645741,-3.3197312315783485,3.5705100105994316,30.748200248909427
RCPTRAINLORENZ_554,3.188715567815601,-2.8693932767064827,3.153632582645741,29.879866228727316
RCPTRAINLORENZ_555,3.114556375942686,-2.386486932064168,3.188715567815601,28.623085274655935
RCPTRAINLORENZ_556,2.7848490171324713,-1.9435284641543022,3.114556375942686,27.93610406283712
RCPTRAINLORENZ_557,2.8205991940993242,-1.278732058086379,2.7848490171324713,27.255317865648106
RCPTRAINLORENZ_558,2.548558444352567,-1.1658631029999582,2.8205991940993242,26.122486342500267
RCPTRAINLORENZ_559,2.353567521921892,-1.2933141603011715,2.548558444352567,25.49350759479541
RCPTRAINLORENZ_560,2.31364514074496,-0.7503845786894209,2.353567521921892,24.833109565329604
RCPTRAINLORENZ_561,2.3410976301130164,-0.5699029874211311,2.31364514074496,24.170236515805183
RCPTRAINLORENZ_562,1.9815577597911416,-0.4479759428749712,2.3410976301130164,23.5222417366891
RCPTRAINLORENZ_563,2.5005374837839183,-0.29883071724157223,1.9815577597911416,22.549191902520587
RCPTRAINLORENZ_564,2.702135045045494,-0.13549396840633182,2.5005374837839183,22.14924945285549
RCPTRAINLORENZ_565,2.5366023713308086,0.06972040917473939,2.702135045045494,21.241973460868778
RCPTRAINLORENZ_566,2.4135613809368692,0.5334612274222126,2.5366023713308086,20.682937735976328
RCPTRAINLORENZ_567,2.415512859725276,0.6539342811452263,2.4135613809368692,20.381352343031633
RCPTRAINLORENZ_568,2.788100342476274,0.8107509667754217,2.415512859725276,19.65928053774047
RCPTRAINLORENZ_569,2.2179445445325774,0.8082491249341534,2.788100342476274,18.733524226179505
RCPTRAINLORENZ_570,2.1812835678314846,1.3857237456281482,2.2179445445325774,18.319949703524586
RCPTRAINLORENZ_571,1.9003708673602469,1.2053573095577543,2.1812835678314846,17.86630326180959
RCPTRAINLORENZ_572,2.0999908429052305,1.713851982520613,1.9003708673602469,17.39617238306266
RCPTRAINLORENZ_573,1.913499996275847,2.2448354853034544,2.0999908429052305,16.905019814636127
RCPTRAINLORENZ_574,2.0029390180104945,1.797551599978747,1.913499996275847,16.930994477201217
RCPTRAINLORENZ_575,2.2028209812973603,1.4746667538151865,2.0029390180104945,16.816292724149786
RCPTRAINLORENZ_576,2.358558302498265,2.081549614530688,2.2028209812973603,16.109251159953594
RCPTRAINLORENZ_577,2.4672569715323123,2.1094169245942065,2.358558302498265,15.527997237993098
RCPTRAINLORENZ_578,2.976381754097047,2.0596080480851104,2.4672569715323123,15.157004722809443
RCPTRAINLORENZ_579,3.071097497238143,1.8578702287798599,2.976381754097047,14.474099089863753
RCPTRAINLORENZ_580,3.4854008289927876,2.2125261057769197,3.071097497238143,13.800698530660055
RCPTRAINLORENZ_581,3.989786924788734,2.451325496469746,3.4854008289927876,13.510033489829855
RCPTRAINLORENZ_582,4.070519987125557,2.1400615273065946,3.989786924788734,12.930050675120054
RCPTRAINLORENZ_583,4.208780180858613,2.446667652128556,4.070519987125557,12.476282751430228
RCPTRAINLORENZ_584,4.287511046969375,2.2137341303258005,4.208780180858613,11.822880076488614
RCPTRAINLORENZ_585,5.13018162796137,2.7698641827435937,4.287511046969375,11.391279931633331
RCPTRAINLORENZ_586,5.064321141641975,2.422704248985564,5.13018162796137,11.345918230419676
RCPTRAINLORENZ_587,5.731203859105136,3.060717455449691,5.064321141641975,10.760577359014475
RCPTRAINLORENZ_588,5.983327356740303,2.954645259060387,5.731203859105136,10.459384783399685
RCPTRAINLORENZ_589,6.403740247051467,2.7993798270873818,5.983327356740303,10.748622301933404
RCPTRAINLORENZ_590,6.748077304272371,3.044823040968554,6.403740247051467,10.55357969189326
RCPTRAINLORENZ_591,7.627164018850303,3.329883862604219,6.748077304272371,10.773230734878808
RCPTRAINLORENZ_592,8.244945750732429,3.613439511209317,7.627164018850303,10.572904199807837
RCPTRAINLORENZ_593,9.104017077211916,4.2230763324820355,8.244945750732429,10.226521137904196
RCPTRAINLORENZ_594,9.738610770157333,4.228148850261325,9.104017077211916,9.676794727030583
RCPTRAINLORENZ_595,10.592687677073213,4.7321105960364385,9.738610770157333,10.135158928106565
RCPTRAINLORENZ_596,11.393504321841567,5.391244310446224,10.592687677073213,10.658574019129132
RCPTRAINLORENZ_597,12.286631832344511,5.88869016766571,11.393504321841567,10.696579377488789
RCPTRAINLORENZ_598,13.26857997694136,6.653086837933263,12.286631832344511,11.006065152059136
RCPTRAINLORENZ_599,14.480575992435744,7.245469270516583,13.26857997694136,11.150727590052584
RCPTRAINLORENZ_600,0.18097685213109194,-6.711363053457327,0.3891136568859572,29.97812821550207
RCPTRAINLORENZ_601,0.5824594705277454,-5.605017845717671,0.18097685213109194,29.340619497029547
RCPTRAINLORENZ_602,0.5683706149241953,-5.013203262629435,0.5824594705277454,28.573412143151486
RCPTRAINLORENZ_603,0.824341125353404,-4.288240594498428,0.5683706149241953,27.38922486370858
RCPTRAINLORENZ_604,0.838230395454028,-3.867896200551141,0.824341125353404,26.92917244539319
RCPTRAINLORENZ_605,0.4827804855800256,-3.794520290356381,0.838230395454028,26.403842136640648
RCPTRAINLORENZ_606,0.23877612335929976,-3.683855418177467,0.4827804855800256,25.44069501537174
RCPTRAINLORENZ_607,0.17045725478755253,-3.34253705236571,0.23877612335929976,25.22058704338828
RCPTRAINLORENZ_608,-0.14072966506641146,-3.06221291837074,0.17045725478755253,24.384808189008176
RCPTRAINLORENZ_609,-0.04263736165808296,-2.702316439919957,-0.14072966506641146,23.63691885101924
RCPTRAINLORENZ_610,-0.1996351455786167,-2.3260710393182955,-0.04263736165808296,22.894297427596126
RCPTRAINLORENZ_611,-0.2479989490482464,-1.874821125934708,-0.1996351455786167,22.11910912788381
RCPTRAINLORENZ_612,-0.15740079103372434,-1.288850333079419,-0.2479989490482464,21.641338181273657
RCPTRAINLORENZ_613,0.09315930453935334,-1.4458638451699657,-0.15740079103372434,21.214544097130798
RCPTRAINLORENZ_614,-0.1667958126470651,-1.464540547696499,0.09315930453935334,20.75593959356324
RCPTRAINLORENZ_615,-0.35254495148641396,-1.024448020403943,-0.1667958126470651,20.21434872947869
RCPTRAINLORENZ_616,-0.33303039459387623,-1.077950324071497,-0.35254495148641396,19.829679498768932
RCPTRAINLORENZ_617,-0.18900414300505053,-1.1223303858529523,-0.33303039459387623,19.602039525630712
RCPTRAINLORENZ_618,-0.11562938712656119,-0.5439995308428909,-0.18900414300505053,19.080793282191824
RCPTRAINLORENZ_619,-0.3640783668878449,-0.14637506954699392,-0.11562938712656119,18.70439630842167
RCPTRAINLORENZ_620,-0.2604748774621554,-0.023241839275611284,-0.3640783668878449,18.229682845223486
RCPTRAINLORENZ_621,-0.40312417889807883,0.42412021090137275,-0.2604748774621554,18.249101094812584
RCPTRAINLORENZ_622,-0.12514085261485408,0.922374184325141,-0.40312417889807883,17.9268542313357
RCPTRAINLORENZ_623,0.3330982147562613,0.9742448652809514,-0.12514085261485408,17.756180109062914
RCPTRAINLORENZ_624,0.7795849925456586,1.1536484292140137,0.3330982147562613,17.27367769056496
RCPTRAINLORENZ_625,1.2657440277357033,0.956052560463153,0.7795849925456586,16.801440142706536
RCPTRAINLORENZ_626,1.206676199775984,0.9857839234912433,1.2657440277357033,16.302435824334204
RCPTRAINLORENZ_627,1.7387258558568346,0.798077846715498,1.206676199775984,15.880956001546751
RCPTRAINLORENZ_628,1.7812208877728397,0.9192484070975555,1.7387258558568346,15.141087401027344
RCPTRAINLORENZ_629,1.6721302033978656,1.2164090678083408,1.7812208877728397,15.011165343813829
RCPTRAINLORENZ_630,1.727790447036878,1.4737832075917512,1.6721302033978656,14.653160436490328
RCPTRAINLORENZ_631,1.8206141236256674,1.219764887372771,1.727790447036878,14.100515815771026
RCPTRAINLORENZ_632,2.438752108809553,1.350146174248637,1.8206141236256674,13.371793637903732
RCPTRAINLORENZ_633,2.39257462079056,1.2232584690481674,2.438752108809553,12.869512793924258
RCPTRAINLORENZ_634,2.697417163176813,1.429078478934952,2.39257462079056,12.325884501033594
RCPTRAINLORENZ_635,3.0425525218014187,1.8230112676751793,2.697417163176813,11.90077551988748
RCPTRAINLORENZ_636,3.668030749156272,2.055448126438207,3.0425525218014187,11.668283296018894
RCPTRAINLORENZ_637,4.275792825021236,2.3216181434352756,3.668030749156272,11.570341721832952
RCPTRAINLORENZ_638,4.6737529238221835,2.67154544827336,4.275792825021236,11.150488645423422
RCPTRAINLORENZ_639,5.049880312332958,2.9555324694655627,4.6737529238221835,10.49481442112228
RCPTRAINLORENZ_640,5.281784598881683,3.031395310596673,5.049880312332958,10.400545892817629
RCPTRAINLORENZ_641,5.9996942598735865,3.4344922593996685,5.281784598881683,10.378469271051218
RCPTRAINLORENZ_642,6.907908577831457,3.7511094931459374,5.9996942598735865,10.2839768533034
RCPTRAINLORENZ_643,7.078591200967302,3.648725050539376,6.907908577831457,10.152177841637148
RCPTRAINLORENZ_644,7.876759175187841,4.218474388451463,7.078591200967302,10.21465758788677
RCPTRAINLORENZ_645,8.399004779136236,4.648513863335027,7.876759175187841,10.194844856575758
RCPTRAINLORENZ_646,9.604828526208793,5.154458890285036,8.399004779136236,10.165852172623252
RCPTRAINLORENZ_647,10.408784182401408,5.810952189060037,9.604828526208793,10.675598875255439
RCPTRAINLORENZ_648,11.010559616863583,6.077326895933692,10.408784182401408,11.565284772124178
RCPTRAINLORENZ_649,11.777097998607028,6.517684969199154,11.010559616863583,11.691389371845533
RCPTRAINLORENZ_650,12.380029797678016,6.578121073596848,11.777097998607028,12.136321689744024
RCPTRAINLORENZ_651,14.134031993633306,7.244552717347484,12.380029797678016,12.67384827899549
RCPTRAINLORENZ_652,15.141918190692143,8.040285908509551,14.134031993633306,13.390766324560738
RCPTRAINLORENZ_653,15.986956827983304,8.474320196065307,15.141918190692143,14.480713084151024
RCPTRAINLORENZ_654,17.351769797931762,9.625316753961371,15.986956827983304,15.389653407509387
RCPTRAINLORENZ_655,18.74462540210063,10.538332660989743,17.351769797931762,16.406214097837935
RCPTRAINLORENZ_656,20.165319751059187,11.6407661891501,18.74462540210063,17.252611558198684
RCPTRAINLORENZ_657,21.20288539963909,12.153248506009202,20.165319751059187,18.912091459866335
RCPTRAINLORENZ_658,21.764479015615482,12.840739697224732,21.20288539963909,20.94434086946588
RCPTRAINLORENZ_659,22.201425274571644,13.712588798888243,21.764479015615482,23.17678367201707
RCPTRAINLORENZ_660,22.561988821358256,14.168039225461527,22.201425274571644,25.46566247585127
RCPTRAINLORENZ_661,22.274984683902275,15.254310148033678,22.561988821358256,27.634039596425755
RCPTRAINLORENZ_662,21.665171074819956,16.04197993044777,22.274984683902275,30.087142216147637
RCPTRAINLORENZ_663,20.60698838736909,16.479586132453257,21.665171074819956,33.14497479022802
RCPTRAINLORENZ_664,19.102901886956822,17.102507875699324,20.60698838736909,36.00469720867332
RCPTRAINLORENZ_665,17.267636861455838,17.53648688199406,19.102901886956822,38.85271971349139
RCPTRAINLORENZ_666,14.72687596066465,17.756967403498475,17.267636861455838,40.835688099307866
RCPTRAINLORENZ_667,12.212119506078151,17.72361934837888,14.72687596066465,42.551841856066815
RCPTRAINLORENZ_668,9.168165221323905,17.409476428588615,12.212119506078151,44.16691811171564
RCPTRAINLORENZ_669,6.441784107124496,16.745731947528572,9.168165221323905,45.30413962585528
RCPTRAINLORENZ_670,3.586010232641259,16.05066916330764,6.441784107124496,45.825628795343974
RCPTRAINLORENZ_671,1.1947944092304117,15.091543311734803,3.586010232641259,45.38129498658232
RCPTRAINLORENZ_672,-0.7874976172006729,13.932174915627897,1.1947944092304117,44.40806863087355
RCPTRAINLORENZ_673,-2.908221574446436,12.853617498322185,-0.7874976172006729,43.570380781570194
RCPTRAINLORENZ_674,-4.669864215124011,11.569527603837487,-2.908221574446436,42.5122020386285
RCPTRAINLORENZ_675,-6.397028000197922,10.513244591069776,-4.669864215124011,41.09544359834297
RCPTRAINLORENZ_676,-7.168553656730942,8.821909205822303,-6.397028000197922,39.12410227452266
RCPTRAINLORENZ_677,-8.115327532508084,7.4020460990927255,-7.168553656730942,36.80582581005971
RCPTRAINLORENZ_678,-8.416037633616387,5.809339197631873,-8.115327532508084,35.643880182365486
RCPTRAINLORENZ_679,-8.946709684335946,4.436898872402746,-8.416037633616387,34.10315049690951
RCPTRAINLORENZ_680,-8.842571547508,2.928591204168406,-8.946709684335946,33.063240642335884
RCPTRAINLORENZ_681,-8.694603325127444,1.3249041493417524,-8.842571547508,31.678492235031964
RCPTRAINLORENZ_682,-8.736078093101035,0.5232798264553566,-8.694603325127444,30.463894210924934
RCPTRAINLORENZ_683,-8.666464774090576,-0.14952381840595458,-8.736078093101035,29.356609139308844
RCPTRAINLORENZ_684,-9.067589054717958,-0.813899572586364,-8.666464774090576,28.355329315340146
RCPTRAINLORENZ_685,-8.989289932118965,-1.0841345508469495,-9.067589054717958,27.516021826697074
RCPTRAINLORENZ_686,-8.90135823647999,-1.9718031187187022,-8.989289932118965,27.325292922724866
RCPTRAINLORENZ_687,-8.997985608787495,-2.5691621940675238,-8.90135823647999,26.968847994077638
RCPTRAINLORENZ_688,-9.445613196234037,-3.047520961300384,-8.997985608787495,26.23109117191207
RCPTRAINLORENZ_689,-9.795467598253664,-3.7697856224459385,-9.445613196234037,25.555261896803444
RCPTRAINLORENZ_690,-9.830832528957185,-3.747962606177549,-9.795467598253664,25.462428800670644
RCPTRAINLORENZ_691,-9.79117459938109,-4.047414282150228,-9.830832528957185,25.682983040580066
RCPTRAINLORENZ_692,-10.12207086127076,-4.667351492603899,-9.79117459938109,25.170743806503683
RCPTRAINLORENZ_693,-10.542426452976569,-4.8880998851679625,-10.12207086127076,25.15890778791475
RCPTRAINLORENZ_694,-10.55152673122875,-5.858834646512131,-10.542426452976569,24.936585721597215
RCPTRAINLORENZ_695,-11.09973892439262,-6.370906993094664,-10.55152673122875,24.820270815984095
RCPTRAINLORENZ_696,-11.335982526294664,-6.454074392547533,-11.09973892439262,24.965119700270744
RCPTRAINLORENZ_697,-11.729173415589369,-6.956309427928009,-11.335982526294664,25.27330645879695
RCPTRAINLORENZ_698,-11.502611391203914,-7.438261834915128,-11.729173415589369,25.51673418606687
RCPTRAINLORENZ_699,-11.324990438113584,-7.754286790289458,-11.502611391203914,25.71601945568963
RCPTRAINLORENZ_700,-11.505007404987463,-8.52154822244206,-11.324990438113584,26.13305421909538
RCPTRAINLORENZ_701,-11.848531595938253,-8.912138742769747,-11.505007404987463,26.170732626671743
RCPTRAINLORENZ_702,-11.904967563350759,-9.024659172070805,-11.848531595938253,26.24690741669742
RCPTRAINLORENZ_703,-11.94397342207571,-8.949444683191158,-11.904967563350759,26.20387003098096
RCPTRAINLORENZ_704,-11.955782514554373,-9.013539508820525,-11.94397342207571,26.80528158392506
RCPTRAINLORENZ_705,-11.60423266332226,-9.391253904051709,-11.955782514554373,27.5479116934031
RCPTRAINLORENZ_706,-11.69013144839211,-9.832025787392576,-11.60423266332226,27.694695174427327
RCPTRAINLORENZ_707,-11.416064967859345,-9.907672006033435,-11.69013144839211,28.17947563944983
RCPTRAINLORENZ_708,-11.520221216217351,-9.9443293550948,-11.416064967859345,28.5451389317552
RCPTRAINLORENZ_709,-11.122165588289327,-10.080911197572613,-11.520221216217351,28.875556425782367
RCPTRAINLORENZ_710,-11.039761812764555,-10.218632326352475,-11.122165588289327,29.208551820229594
RCPTRAINLORENZ_711,-10.84073541089589,-10.633576122848421,-11.039761812764555,29.58580911289748
RCPTRAINLORENZ_712,-10.75444687856049,-11.116007492961977,-10.84073541089589,29.973108529425954
RCPTRAINLORENZ_713,-10.357623308005007,-11.58952757947485,-10.75444687856049,30.39827446299146
RCPTRAINLORENZ_714,-9.399775929307332,-11.290428014711413,-10.357623308005007,31.138696083042053
RCPTRAINLORENZ_715,-8.695255340549988,-11.646109001228796,-9.399775929307332,31.45485037628055
RCPTRAINLORENZ_716,-8.185857181147984,-11.424107768740447,-8.695255340549988,31.048606270910067
RCPTRAINLORENZ_717,-7.875097011667197,-11.341759352379883,-8.185857181147984,31.45330370901773
RCPTRAINLORENZ_718,-7.5563336202487585,-11.217374921265343,-7.875097011667197,31.54698676295503
RCPTRAINLORENZ_719,-7.128039617341289,-11.074178490199808,-7.5563336202487585,31.61265476413871
RCPTRAINLORENZ_720,-6.470403615051852,-10.383697167176283,-7.128039617341289,31.89087913515564
RCPTRAINLORENZ_721,-6.204781907122778,-10.264021270644912,-6.470403615051852,31.636191653913336
RCPTRAINLORENZ_722,-5.995087115107253,-9.918724947133148,-6.204781907122778,31.484995167788714
RCPTRAINLORENZ_723,-5.690889345445808,-9.509117276208483,-5.995087115107253,30.957279361842495
RCPTRAINLORENZ_724,-5.575605645058964,-9.195512931214914,-5.690889345445808,30.645489878369666
RCPTRAINLORENZ_725,-5.6192972177534495,-8.809081827936831,-5.575605645058964,30.788461967373184
RCPTRAINLORENZ_726,-5.390049083790394,-8.339951238368226,-5.6192972177534495,30.773232786461605
RCPTRAINLORENZ_727,-5.443735115155762,-8.05545061139637,-5.390049083790394,30.2047333522741
RCPTRAINLORENZ_728,-5.290790015424051,-8.108926808769953,-5.443735115155762,29.79792178262397
RCPTRAINLORENZ_729,-5.219744489074994,-8.152730951163118,-5.290790015424051,29.504638322007068
RCPTRAINLORENZ_730,-5.24149382001733,-8.523591862869132,-5.219744489074994,28.70960278834646
RCPTRAINLORENZ_731,-5.572449418828964,-8.112568450693216,-5.24149382001733,28.856123927099205
RCPTRAINLORENZ_732,-5.264921659123802,-7.8925308447729625,-5.572449418828964,28.802275749532658
RCPTRAINLORENZ_733,-4.990034685641654,-7.9553140408900385,-5.264921659123802,27.96220453942553
RCPTRAINLORENZ_734,-5.104137057999841,-7.958004833039991,-4.990034685641654,27.36251739347931
RCPTRAINLORENZ_735,-5.269802867134746,-7.679345390299716,-5.104137057999841,26.972847170458778
RCPTRAINLORENZ_736,-5.299902015555383,-7.464869776007744,-5.269802867134746,26.89085145132413
RCPTRAINLORENZ_737,-5.220898152320874,-7.580768029780137,-5.299902015555383,26.317970294555273
RCPTRAINLORENZ_738,-5.225174968526905,-7.437296247937774,-5.220898152320874,26.017654461736036
RCPTRAINLORENZ_739,-5.263482862381121,-7.091261920563617,-5.225174968526905,25.740555210550973
RCPTRAINLORENZ_740,-5.56694004519438,-6.895650852655156,-5.263482862381121,25.592548686664095
RCPTRAINLORENZ_741,-5.7008001046978665,-6.940804119209869,-5.56694004519438,25.071644170509085
RCPTRAINLORENZ_742,-5.7853156571669055,-6.413064426680489,-5.7008001046978665,24.79534916279441
RCPTRAINLORENZ_743,-6.18585298447029,-5.937349980337513,-5.7853156571669055,24.21742050492278
RCPTRAINLORENZ_744,-6.396235561981196,-6.010430014374658,-6.18585298447029,23.66175485830234
RCPTRAINLORENZ_745,-6.5775038468806155,-6.229237044054288,-6.396235561981196,23.72977046613025
RCPTRAINLORENZ_746,-6.941021779705661,-6.253464541047856,-6.5775038468806155,23.267273596426772
RCPTRAINLORENZ_747,-7.125142840381214,-5.789961450623755,-6.941021779705661,22.68259877247271
RCPTRAINLORENZ_748,-7.904093157726873,-6.0229095628023375,-7.125142840381214,22.753693887090627
RCPTRAINLORENZ_749,-7.8811221220265,-5.958024379350283,-7.904093157726873,22.680094326131197
RCPTRAINLORENZ_750,-8.107815174365646,-6.2531130652921485,-7.8811221220265,22.150690407072933
RCPTRAINLORENZ_751,-8.839486352837207,-6.37552064855346,-8.107815174365646,21.90303400418672
RCPTRAINLORENZ_752,-9.443384795625883,-6.603365832754359,-8.839486352837207,21.986848502650385
RCPTRAINLORENZ_753,-9.825344393527718,-6.663884761955109,-9.443384795625883,22.255646134018246
RCPTRAINLORENZ_754,-10.139642244716036,-6.809478719161477,-9.825344393527718,22.14578510252187
RCPTRAINLORENZ_755,-10.016733044860908,-7.1858231013853695,-10.139642244716036,22.683438472723402
RCPTRAINLORENZ_756,-10.625031114452002,-7.572808371629845,-10.016733044860908,22.942253483703315
RCPTRAINLORENZ_757,-11.13656201015079,-8.116074037009595,-10.625031114452002,23.037176852764293
RCPTRAINLORENZ_758,-11.329013704999962,-8.430529569033558,-11.13656201015079,23.2383143062956
RCPTRAINLORENZ_759,-11.438782455805347,-8.727853924278065,-11.329013704999962,23.922448059644665
RCPTRAINLORENZ_760,-11.685190021713263,-8.819179333866629,-11.438782455805347,24.44499135851142
RCPTRAINLORENZ_761,-11.27534490468241,-9.083735772105754,-11.685190021713263,24.852504571075563
RCPTRAINLORENZ_762,-11.450516154705474,-9.318232955782566,-11.27534490468241,25.483895914023574
RCPTRAINLORENZ_763,-11.73028484584264,-9.614731335312161,-11.450516154705474,25.660663821877826
RCPTRAINLORENZ_764,-12.19054599652192,-10.091677267831857,-11.73028484584264,25.757067795668227
RCPTRAINLORENZ_765,-12.147522974309938,-10.078646531009385,-12.19054599652192,26.205503503037793
RCPTRAINLORENZ_766,-12.172858308167184,-10.16549212031361,-12.147522974309938,26.590074915889858
RCPTRAINLORENZ_767,-12.46924610185498,-10.27893757181929,-12.172858308167184,27.27791637798816
RCPTRAINLORENZ_768,-12.264259075304624,-10.103640358970553,-12.46924610185498,27.82047058404799
RCPTRAINLORENZ_769,-12.565193644307856,-10.303754137833467,-12.264259075304624,28.17089700187228
RCPTRAINLORENZ_770,-12.212815400419695,-10.485043133564133,-12.565193644307856,29.264410559585798
RCPTRAINLORENZ_771,-11.962427872792745,-10.950269201398394,-12.212815400419695,30.065659951594977
RCPTRAINLORENZ_772,-11.374842166630351,-11.175766244206779,-11.962427872792745,30.775268742598357
RCPTRAINLORENZ_773,-10.742765296873593,-10.866335526662267,-11.374842166630351,31.106784613381194
RCPTRAINLORENZ_774,-10.466821764088438,-10.674058062472639,-10.742765296873593,31.32056226401796
RCPTRAINLORENZ_775,-9.61130605851212,-11.168807610655776,-10.466821764088438,31.624095450625628
RCPTRAINLORENZ_776,-9.378735008942689,-11.583751155856975,-9.61130605851212,31.340726374308353
RCPTRAINLORENZ_777,-9.370857534387335,-11.910390856890087,-9.378735008942689,31.758947360034142
RCPTRAINLORENZ_778,-8.858563679428743,-11.604263820725043,-9.370857534387335,31.97821208354298
RCPTRAINLORENZ_779,-8.292496556160044,-11.771876174050709,-8.858563679428743,32.30795844834896
RCPTRAINLORENZ_780,-7.858496381807243,-11.629555418850703,-8.292496556160044,32.59708701941924
RCPTRAINLORENZ_781,-7.082890963082581,-11.52128880279636,-7.858496381807243,32.979385059726255
RCPTRAINLORENZ_782,-6.44632121362755,-10.77886959878183,-7.082890963082581,32.781836316393566
RCPTRAINLORENZ_783,-5.851533318122392,-10.585325383425772,-6.44632121362755,32.77729649071272
RCPTRAINLORENZ_784,-5.432719227779967,-9.76977681996203,-5.851533318122392,32.904288796601385
RCPTRAINLORENZ_785,-5.17586976210656,-9.074155294515263,-5.432719227779967,32.943863907433396
RCPTRAINLORENZ_786,-4.75404816790195,-8.831133080690659,-5.17586976210656,32.77979208262975
RCPTRAINLORENZ_787,-4.562939486840864,-8.465397776670148,-4.75404816790195,32.622744548261565
RCPTRAINLORENZ_788,-4.300154255623307,-8.134202220916825,-4.562939486840864,32.88554239727792
RCPTRAINLORENZ_789,-3.440457770629193,-7.921829795206337,-4.300154255623307,32.36606584915709
RCPTRAINLORENZ_790,-2.893771440361308,-7.650169048412301,-3.440457770629193,31.577425604764056
RCPTRAINLORENZ_791,-2.5252798526989473,-7.457653558046506,-2.893771440361308,31.333287139954297
RCPTRAINLORENZ_792,-2.2177813871491763,-7.218136282231884,-2.5252798526989473,31.169909843552812
RCPTRAINLORENZ_793,-1.7144849000094564,-6.742798638483057,-2.2177813871491763,30.099230430986196
RCPTRAINLORENZ_794,-1.8986555888306262,-6.13007617704652,-1.7144849000094564,29.206537398981357
RCPTRAINLORENZ_795,-1.7822111455616305,-5.354809188629003,-1.8986555888306262,28.61818185473613
RCPTRAINLORENZ_796,-1.6085264984531669,-5.094446959341931,-1.7822111455616305,27.831930164831387
RCPTRAINLORENZ_797,-1.625204078924075,-4.809813464574191,-1.6085264984531669,27.36293986221491
RCPTRAINLORENZ_798,-1.4734394498199068,-4.417134092348328,-1.625204078924075,26.91686052076426
RCPTRAINLORENZ_799,-1.1927675618662623,-3.9585929816908227,-1.4734394498199068,26.10686498372365
RCPTRAINLORENZ_800,-1.0261519987093077,-3.7847979140875645,-1.1927675618662623,25.514015065843108
RCPTRAINLORENZ_801,-0.9789334065425075,-3.477361043420972,-1.0261519987093077,24.611837636012723
RCPTRAINLORENZ_802,-0.8046019793111522,-3.1272926533323857,-0.9789334065425075,23.817609320207165
RCPTRAINLORENZ_803,-0.8320549827673439,-2.924481405212111,-0.8046019793111522,22.95514763505893
RCPTRAINLORENZ_804,-1.2333593454708878,-2.7785888459466666,-0.8320549827673439,22.3483800469087
RCPTRAINLORENZ_805,-1.7588859100350813,-2.5383839457615647,-1.2333593454708878,21.96861852314657
RCPTRAINLORENZ_806,-1.777513191377649,-2.548984577166889,-1.7588859100350813,21.554113942606847
RCPTRAINLORENZ_807,-2.0633707057490835,-2.5183109291178787,-1.777513191377649,21.09185194105407
RCPTRAINLORENZ_808,-1.9886725232411506,-1.887850556576677,-2.0633707057490835,20.453870890192615
RCPTRAINLORENZ_809,-2.2969683214240026,-1.6720547715115421,-1.9886725232411506,19.606864715354693
RCPTRAINLORENZ_810,-2.598574014677103,-1.648522786729901,-2.2969683214240026,19.136230213658063
RCPTRAINLORENZ_811,-3.0251736220449703,-1.988604838472951,-2.598574014677103,18.632941411376006
RCPTRAINLORENZ_812,-2.998185193895702,-2.288129703601565,-3.0251736220449703,18.07706660601592
RCPTRAINLORENZ_813,-3.264304147820823,-2.3450581118408667,-2.998185193895702,17.232617268276538
RCPTRAINLORENZ_814,-3.6756829967063203,-2.3015383701440246,-3.264304147820823,16.90353905374104
RCPTRAINLORENZ_815,-3.9097001725989156,-2.4050481347172923,-3.6756829967063203,16.54598229058404
RCPTRAINLORENZ_816,-4.173409924282366,-2.538217744696448,-3.9097001725989156,16.07940505021046
RCPTRAINLORENZ_817,-4.431008087868175,-2.727160448769031,-4.173409924282366,15.38680827304091
RCPTRAINLORENZ_818,-4.489136209122676,-2.373894044377675,-4.431008087868175,14.661207538401543
RCPTRAINLORENZ_819,-4.550835097013201,-2.926452372209208,-4.489136209122676,14.645462932615583
RCPTRAINLORENZ_820,-5.234779801098111,-3.1027932642468747,-4.550835097013201,14.284343676057622
RCPTRAINLORENZ_821,-5.780377342340872,-3.1629948331537716,-5.234779801098111,13.954671190206337
RCPTRAINLORENZ_822,-6.030041843776789,-3.5073749020715366,-5.780377342340872,13.910121290872771
RCPTRAINLORENZ_823,-6.072288256870294,-3.9854040382623155,-6.030041843776789,14.105694520037844
RCPTRAINLORENZ_824,-6.5877151071955895,-4.181136907579818,-6.072288256870294,14.386481520126903
RCPTRAINLORENZ_825,-7.254590163141725,-3.98806756005599,-6.5877151071955895,13.906529819300722
RCPTRAINLORENZ_826,-7.63895885565656,-3.6659164700842206,-7.254590163141725,13.3862030973426
RCPTRAINLORENZ_827,-8.583844164865415,-3.442278415952504,-7.63895885565656,13.296558982976137
RCPTRAINLORENZ_828,-8.927511745688395,-3.509454090873712,-8.583844164865415,13.039328322040351
RCPTRAINLORENZ_829,-9.29516168550321,-3.9006033160421776,-8.927511745688395,12.871846361041333
RCPTRAINLORENZ_830,-10.123870448943759,-4.334263273246497,-9.29516168550321,12.87269019548826
RCPTRAINLORENZ_831,-11.02370170379683,-5.0029958163052015,-10.123870448943759,13.149191474951358
RCPTRAINLORENZ_832,-11.4872771780007,-5.630728582094282,-11.02370170379683,13.31603603789706
RCPTRAINLORENZ_833,-12.32988369016085,-6.25175755607559,-11.4872771780007,13.386792600285734
RCPTRAINLORENZ_834,-13.054073985711378,-7.03904136403187,-12.32988369016085,13.880046222939276
RCPTRAINLORENZ_835,-13.764483122886148,-7.621120946933788,-13.054073985711378,14.306626430150171
RCPTRAINLORENZ_836,-14.839294864090382,-8.113748299224952,-13.764483122886148,15.001436851794036
RCPTRAINLORENZ_837,-15.572156014958896,-8.8553314221438,-14.839294864090382,15.685523706668247
RCPTRAINLORENZ_838,-16.42933099415513,-9.241800976731245,-15.572156014958896,16.459967510939403
RCPTRAINLORENZ_839,-17.327327315999888,-9.735351469203323,-16.42933099415513,17.980283194321714
RCPTRAINLORENZ_840,-18.220014943023543,-10.219706986768076,-17.327327315999888,18.80234624105581
RCPTRAINLORENZ_841,-18.837053757530914,-11.213420268846942,-18.220014943023543,19.815989352854324
RCPTRAINLORENZ_842,-19.749350756965864,-11.42794216047313,-18.837053757530914,21.575789051384323
RCPTRAINLORENZ_843,-19.930600863323058,-11.974172846208937,-19.749350756965864,23.477623569002247
RCPTRAINLORENZ_844,-19.946261723420054,-12.470789748514864,-19.930600863323058,25.106290149096157
RCPTRAINLORENZ_845,-19.506314816630017,-13.640703943463695,-19.946261723420054,26.59286961756784
RCPTRAINLORENZ_846,-18.83858670773584,-14.373624927313966,-19.506314816630017,28.66661075961352
RCPTRAINLORENZ_847,-18.4019064856458,-14.450078087065549,-18.83858670773584,30.86669699976809
RCPTRAINLORENZ_848,-17.630201405479788,-14.759121933685718,-18.4019064856458,32.69353344085121
RCPTRAINLORENZ_849,-16.464575884008788,-15.043577860248755,-17.630201405479788,34.619907310426335
RCPTRAINLORENZ_850,-15.004906400541628,-15.738863991279011,-16.464575884008788,36.38010464580523
RCPTRAINLORENZ_851,-13.79451319698717,-15.573159620134048,-15.004906400541628,37.71770829932214
RCPTRAINLORENZ_852,-12.115204223934658,-15.405325591539265,-13.79451319698717,38.49470727400577
RCPTRAINLORENZ_853,-10.268194035026823,-15.141886223374335,-12.115204223934658,39.264653136771045
RCPTRAINLORENZ_854,-8.505800250833818,-14.997570341393507,-10.268194035026823,40.18044827674111
RCPTRAINLORENZ_855,-6.027369512802756,-14.871665061999861,-8.505800250833818,40.693245440738316
RCPTRAINLORENZ_856,-4.01873817403649,-14.529294387845772,-6.027369512802756,40.86101328867062
RCPTRAINLORENZ_857,-2.4637253541646493,-13.871687188678393,-4.01873817403649,40.726567419627465
RCPTRAINLORENZ_858,-0.8145459215853423,-13.187842431009607,-2.4637253541646493,40.00531670942917
RCPTRAINLORENZ_859,0.45297780267790605,-11.86192771040048,-0.8145459215853423,39.01343636853082
RCPTRAINLORENZ_860,1.8705416790578728,-10.838514858768933,0.45297780267790605,38.39305245869478
RCPTRAINLORENZ_861,2.7330304306966804,-9.753600932746608,1.8705416790578728,37.55699604449497
RCPTRAINLORENZ_862,3.655988543604191,-8.448308593223203,2.7330304306966804,35.95741019303472
RCPTRAINLORENZ_863,4.406288257594284,-7.434287939173073,3.655988543604191,34.58639965564643
RCPTRAINLORENZ_864,4.208647374775758,-6.136261806146649,4.406288257594284,33.46191512739994
RCPTRAINLORENZ_865,4.532976895312629,-4.966358690041899,4.208647374775758,32.34485148155912
RCPTRAINLORENZ_866,5.2857685826897995,-4.278770218187252,4.532976895312629,31.16397782717155
RCPTRAINLORENZ_867,5.374669622676984,-3.783308970107912,5.2857685826897995,30.04763379334512
RCPTRAINLORENZ_868,5.389518124983343,-3.2210178678937518,5.374669622676984,29.159929427326514
RCPTRAINLORENZ_869,5.219916472887013,-2.0435129132965777,5.389518124983343,28.398726486391503
RCPTRAINLORENZ_870,5.740265382190075,-0.9674794096724441,5.219916472887013,27.75162632266391
RCPTRAINLORENZ_871,5.926325880103997,-0.35447347672884355,5.740265382190075,26.65653868524799
RCPTRAINLORENZ_872,6.216027543667842,0.754492555346634,5.926325880103997,26.120537246097204
RCPTRAINLORENZ_873,6.302917448178657,1.2499841254774304,6.216027543667842,25.262220643790858
RCPTRAINLORENZ_874,6.21896474544012,2.137377808912287,6.302917448178657,24.809999304559835
RCPTRAINLORENZ_875,6.200559177004734,2.8505731379954167,6.21896474544012,24.662658648277144
RCPTRAINLORENZ_876,6.086640074006932,3.2593486824755367,6.200559177004734,24.247237516233284
RCPTRAINLORENZ_877,6.116367891004139,3.8104658480374756,6.086640074006932,23.6571510884988
RCPTRAINLORENZ_878,6.051070581013526,4.140989958047294,6.116367891004139,22.987268946516462
RCPTRAINLORENZ_879,6.361174164309233,4.559244958208264,6.051070581013526,22.427424574121442
RCPTRAINLORENZ_880,6.707928984392802,4.968815947258763,6.361174164309233,22.07371598542804
RCPTRAINLORENZ_881,7.4335585275390965,5.282629786365432,6.707928984392802,22.09084672179655
RCPTRAINLORENZ_882,8.007490478879456,5.09512404987062,7.4335585275390965,21.80443584545131
RCPTRAINLORENZ_883,8.469958998547641,5.392373855687421,8.007490478879456,21.531228276010427
RCPTRAINLORENZ_884,8.593547976144196,5.590152992506135,8.469958998547641,21.27830384104805
RCPTRAINLORENZ_885,8.631015422134025,5.788159063175471,8.593547976144196,21.180595360774284
RCPTRAINLORENZ_886,8.783586646203075,5.700498122424654,8.631015422134025,21.502359741192127
RCPTRAINLORENZ_887,9.274534208597734,5.625100889133746,8.783586646203075,21.343914285281173
RCPTRAINLORENZ_888,9.533814581089242,5.7913124751018445,9.274534208597734,21.417836455352123
RCPTRAINLORENZ_889,9.356870722522155,6.100058003568541,9.533814581089242,21.318162881874176
RCPTRAINLORENZ_890,9.83949600236508,6.46858844604715,9.356870722522155,21.552411579781904
RCPTRAINLORENZ_891,10.634229579444902,6.88860212977297,9.83949600236508,21.641552235236933
RCPTRAINLORENZ_892,10.699829337454785,7.154292724163185,10.634229579444902,21.870311672017163
RCPTRAINLORENZ_893,10.518491575439807,7.665276994315745,10.699829337454785,21.825120482141564
RCPTRAINLORENZ_894,11.126709282533712,8.167377620971704,10.518491575439807,21.9874355853795
RCPTRAINLORENZ_895,11.482303233964258,8.402477829064024,11.126709282533712,22.64351519660316
RCPTRAINLORENZ_896,11.622694209998123,8.799659634993823,11.482303233964258,23.023473246755948
RCPTRAINLORENZ_897,12.065772622551984,8.929411720812075,11.622694209998123,22.564925123191532
RCPTRAINLORENZ_898,12.139552101177532,9.029641189347934,12.065772622551984,23.000012407523585
RCPTRAINLORENZ_899,12.449798634693888,8.996946480621485,12.139552101177532,23.385960532776686
RCPTRAINLORENZ_900,-7.92846852772309,-7.575076543231927,-7.651061967936106,22.954125921317853
RCPTRAINLORENZ_901,-8.120092001040506,-7.807741984801926,-7.92846852772309,23.262264882473442
RCPTRAINLORENZ_902,-8.16308663446821,-7.403408852586013,-8.120092001040506,22.846913865214827
RCPTRAINLORENZ_903,-8.565381767540487,-7.694817600021361,-8.16308663446821,23.138848678673988
RCPTRAINLORENZ_904,-8.655503629888612,-7.98926927924061,-8.565381767540487,22.937075125171113
RCPTRAINLORENZ_905,-9.273708965148849,-7.704826951105645,-8.655503629888612,22.76254804641993
RCPTRAINLORENZ_906,-9.656060820196398,-7.71318706556394,-9.273708965148849,22.611942258187955
RCPTRAINLORENZ_907,-10.108866122399967,-8.008952487663114,-9.656060820196398,22.675146867454156
RCPTRAINLORENZ_908,-10.382139418926288,-8.050664428482044,-10.108866122399967,22.970857237447966
RCPTRAINLORENZ_909,-10.472176573789763,-8.311491878178188,-10.382139418926288,23.339380654999275
RCPTRAINLORENZ_910,-11.074360332580913,-8.64686422767256,-10.472176573789763,23.314164844006836
RCPTRAINLORENZ_911,-11.243511799946479,-8.975379570640701,-11.074360332580913,23.577247232780685
RCPTRAINLORENZ_912,-11.887923930511477,-8.957973345182483,-11.243511799946479,23.91150878718424
RCPTRAINLORENZ_913,-12.18288929614757,-9.390258107140376,-11.887923930511477,24.501252008200975
RCPTRAINLORENZ_914,-12.71561125888289,-10.100941600452257,-12.18288929614757,25.023845211145392
RCPTRAINLORENZ_915,-12.78138614112193,-10.247525343355637,-12.71561125888289,25.839200276113207
RCPTRAINLORENZ_916,-12.947834586142298,-10.902029597284313,-12.78138614112193,26.698222362110442
RCPTRAINLORENZ_917,-12.735549239956345,-11.242056339330626,-12.947834586142298,27.303849613347758
RCPTRAINLORENZ_918,-12.453067947200001,-11.319528445901819,-12.735549239956345,28.186036985378877
RCPTRAINLORENZ_919,-12.24586891780413,-11.418265325810033,-12.453067947200001,28.95208592551659
RCPTRAINLORENZ_920,-12.079152919663798,-10.924481015773235,-12.24586891780413,29.963683364436505
RCPTRAINLORENZ_921,-11.638014099941065,-11.15835655122539,-12.079152919663798,30.67402268005515
RCPTRAINLORENZ_922,-11.00168494996073,-11.230149528666043,-11.638014099941065,31.01495974221996
RCPTRAINLORENZ_923,-10.985634636114849,-11.515699936684939,-11.00168494996073,31.55347138479132
RCPTRAINLORENZ_924,-10.755688500180526,-11.243920758033052,-10.985634636114849,32.02162197062117
RCPTRAINLORENZ_925,-9.59873395125391,-10.937778324973072,-10.755688500180526,32.67649486619557
RCPTRAINLORENZ_926,-9.082629194655398,-10.584465357535414,-9.59873395125391,33.15162412720744
RCPTRAINLORENZ_927,-8.016012524775906,-10.457367970220725,-9.082629194655398,33.53177593336571
RCPTRAINLORENZ_928,-7.041660429518842,-10.344050510720187,-8.016012524775906,33.523792805661024
RCPTRAINLORENZ_929,-6.507432154020765,-10.141653255366322,-7.041660429518842,33.37678054701841
RCPTRAINLORENZ_930,-6.272630578725602,-10.143498519397241,-6.507432154020765,33.38553743724582
RCPTRAINLORENZ_931,-5.927972335027171,-9.893670667878403,-6.272630578725602,33.45682719013447
RCPTRAINLORENZ_932,-5.3844606619983795,-9.560220152665797,-5.927972335027171,33.21613516034291
RCPTRAINLORENZ_933,-4.5959248402760915,-9.19641848386061,-5.3844606619983795,32.7786126019525
RCPTRAINLORENZ_934,-4.658487000462134,-8.683674795489342,-4.5959248402760915,32.3082163276043
RCPTRAINLORENZ_935,-4.012890086103505,-8.71004911969212,-4.658487000462134,31.92719649925969
RCPTRAINLORENZ_936,-3.9673682451289944,-8.370169775317267,-4.012890086103505,31.577691295339683
RCPTRAINLORENZ_937,-3.1206190060013195,-7.956928744369611,-3.9673682451289944,31.124776116734715
RCPTRAINLORENZ_938,-3.0577675047770803,-7.643177892577211,-3.1206190060013195,30.78581809090381
RCPTRAINLORENZ_939,-2.9910077762324887,-7.563499177278815,-3.0577675047770803,30.540641735775367
RCPTRAINLORENZ_940,-2.3333052822871343,-7.488231593968753,-2.9910077762324887,30.19015572496902
RCPTRAINLORENZ_941,-2.3047243903911063,-6.91663271914489,-2.3333052822871343,29.304477009204295
RCPTRAINLORENZ_942,-1.58455519906015,-6.108679738496164,-2.3047243903911063,28.833308232966477
RCPTRAINLORENZ_943,-1.7611554477691909,-5.769214587074487,-1.58455519906015,28.756890572898307
RCPTRAINLORENZ_944,-2.044461028110914,-5.388782158925546,-1.7611554477691909,28.126130178980514
RCPTRAINLORENZ_945,-1.9416829159069855,-5.227801760086692,-2.044461028110914,27.06807146930143
RCPTRAINLORENZ_946,-1.7249209734479354,-4.865261702722316,-1.9416829159069855,26.603715564635674
RCPTRAINLORENZ_947,-2.029515089920975,-4.858709927208347,-1.7249209734479354,25.693084568115342
RCPTRAINLORENZ_948,-2.5743380334746058,-4.584290635576917,-2.029515089920975,24.53769390743985
RCPTRAINLORENZ_949,-2.8359698336344388,-4.0773367535437455,-2.5743380334746058,23.904868480498923
RCPTRAINLORENZ_950,-2.807118892417459,-4.241512354171573,-2.8359698336344388,23.406578111534117
RCPTRAINLORENZ_951,-2.82617812527453,-3.993800864804458,-2.807118892417459,23.020978395430443
RCPTRAINLORENZ_952,-3.080761457800083,-4.140748649238266,-2.82617812527453,22.049901343701727
RCPTRAINLORENZ_953,-3.6352564606975992,-3.7901790341988355,-3.080761457800083,22.17450948100705
RCPTRAINLORENZ_954,-4.316763009873844,-4.483205820621271,-3.6352564606975992,22.020522539716488
RCPTRAINLORENZ_955,-4.375214374979792,-4.171925789107258,-4.316763009873844,21.680361633898563
RCPTRAINLORENZ_956,-4.773751754238739,-3.957574995896892,-4.375214374979792,21.95274685836242
RCPTRAINLORENZ_957,-4.700398638563716,-4.198756269879991,-4.773751754238739,21.029222479452
RCPTRAINLORENZ_958,-4.922692053064523,-4.541642930067349,-4.700398638563716,20.433149924936217
RCPTRAINLORENZ_959,-5.038894846599173,-4.48966252906152,-4.922692053064523,20.24329000490553
RCPTRAINLORENZ_960,-5.284350691308643,-4.392049563770708,-5.038894846599173,19.30883218020772
RCPTRAINLORENZ_961,-5.726204525925017,-4.439118980490001,-5.284350691308643,19.08051740333131
RCPTRAINLORENZ_962,-6.508467255975727,-4.337073454325599,-5.726204525925017,18.608243895054805
RCPTRAINLORENZ_963,-6.287372720486006,-4.299134180965891,-6.508467255975727,18.512250278871928
RCPTRAINLORENZ_964,-6.5906006631897185,-4.404883706258965,-6.287372720486006,17.740329053955758
RCPTRAINLORENZ_965,-7.220741120981594,-5.005430151308674,-6.5906006631897185,17.623266491842216
RCPTRAINLORENZ_966,-7.620106750121228,-5.33222040650339,-7.220741120981594,17.77264451175327
RCPTRAINLORENZ_967,-7.9096994878168925,-5.357148925757789,-7.620106750121228,17.849895290874816
RCPTRAINLORENZ_968,-8.620600352432009,-5.05539284197065,-7.9096994878168925,18.044415334991417
RCPTRAINLORENZ_969,-8.910804087457862,-4.949655659348513,-8.620600352432009,17.733239304997788
RCPTRAINLORENZ_970,-9.361012520988853,-5.524798900036059,-8.910804087457862,18.268059097131598
RCPTRAINLORENZ_971,-9.733488252682793,-5.201056797353491,-9.361012520988853,18.377167580757718
RCPTRAINLORENZ_972,-10.046842695043901,-5.067003540673319,-9.733488252682793,18.59523672169429
RCPTRAINLORENZ_973,-10.96594535886822,-5.293480850802543,-10.046842695043901,18.739184608468246
RCPTRAINLORENZ_974,-11.503812660433843,-5.558468298322598,-10.96594535886822,18.745442298367088
RCPTRAINLORENZ_975,-12.65699094060864,-6.247882174396738,-11.503812660433843,18.821737505774045
RCPTRAINLORENZ_976,-13.477423613311181,-6.549977527098658,-12.65699094060864,19.289892777082745
RCPTRAINLORENZ_977,-13.92883503154662,-7.113430150507807,-13.477423613311181,19.26652877256039
RCPTRAINLORENZ_978,-14.336502672270058,-7.4712579599534825,-13.92883503154662,19.872832483125432
RCPTRAINLORENZ_979,-15.020430940477933,-8.384561057406806,-14.336502672270058,20.387862826363467
RCPTRAINLORENZ_980,-16.038710811969743,-9.122006664776858,-15.020430940477933,20.907738174736203
RCPTRAINLORENZ_981,-16.889626855183682,-9.531263560974283,-16.038710811969743,22.00629559424172
RCPTRAINLORENZ_982,-16.942411440948547,-10.334242483515625,-16.889626855183682,23.060712136754
RCPTRAINLORENZ_983,-17.322027985315003,-10.965158384080633,-16.942411440948547,23.99058069579325
RCPTRAINLORENZ_984,-17.964785789716068,-11.484465964467343,-17.322027985315003,25.23716161318853
RCPTRAINLORENZ_985,-18.543765038328036,-11.80873962685804,-17.964785789716068,26.4838220980856
RCPTRAINLORENZ_986,-17.983487751619315,-12.102498448826779,-18.543765038328036,28.269543287519895
RCPTRAINLORENZ_987,-17.14411103476195,-12.914846361536759,-17.983487751619315,29.711950823314897
RCPTRAINLORENZ_988,-16.260035385766155,-13.269976172786569,-17.14411103476195,31.29423099120279
RCPTRAINLORENZ_989,-15.054763672115888,-13.664155949070391,-16.260035385766155,32.398533295537106
RCPTRAINLORENZ_990,-14.168706702853571,-13.689297855651246,-15.054763672115888,33.720339571688896
RCPTRAINLORENZ_991,-12.987424019530325,-13.902540215639437,-14.168706702853571,35.14433068884685
RCPTRAINLORENZ_992,-11.797516760229797,-13.415026046888823,-12.987424019530325,36.53786805201744
RCPTRAINLORENZ_993,-10.548654224337495,-13.124141324958593,-11.797516760229797,37.167955931866715
RCPTRAINLORENZ_994,-9.098899524401038,-12.976956513036376,-10.548654224337495,38.1826429055341
RCPTRAINLORENZ_995,-7.7015302646506205,-12.680848807086978,-9.098899524401038,38.675165579730084
RCPTRAINLORENZ_996,-6.468521956616771,-12.194434742572884,-7.7015302646506205,38.782123050161836
RCPTRAINLORENZ_997,-5.28593015976366,-11.452638652417486,-6.468521956616771,38.753913228214955
RCPTRAINLORENZ_998,-4.403663627764702,-11.290704354917729,-5.28593015976366,38.45382962896992
RCPTRAINLORENZ_999,-3.252961344407375,-10.724198480544004,-4.403663627764702,37.86354183489916
RCPTRAINLORENZ_1000,-2.049674246002358,-10.493829098248417,-3.252961344407375,37.2233186259389
RCPTRAINLORENZ_1001,-1.376580938096708,-9.650359038900023,-2.049674246002358,36.52280680280619
RCPTRAINLORENZ_1002,-0.8270561898055672,-8.570255303639913,-1.376580938096708,35.74563800423263
RCPTRAINLORENZ_1003,-0.33738096638619863,-7.727414051859641,-0.8270561898055672,34.98097749591121
RCPTRAINLORENZ_1004,0.39296809105802555,-7.212459656321394,-0.33738096638619863,34.116225864458386
RCPTRAINLORENZ_1005,0.5547069880222351,-6.066541523225557,0.39296809105802555,33.276275571952496
RCPTRAINLORENZ_1006,0.8330128297774538,-5.686816906109854,0.5547069880222351,32.30073118265762
RCPTRAINLORENZ_1007,1.2819816655540697,-5.365766582619823,0.8330128297774538,31.320300001318408
RCPTRAINLORENZ_1008,1.4522405213211735,-5.006862284089427,1.2819816655540697,30.91448813884023
RCPTRAINLORENZ_1009,1.3173402632507885,-4.432035998791587,1.4522405213211735,30.080036221400288
RCPTRAINLORENZ_1010,1.5649624473605195,-4.201152205146687,1.3173402632507885,28.815242474065233
RCPTRAINLORENZ_1011,1.7440719051135027,-3.7176649420432244,1.5649624473605195,27.962285455770086
RCPTRAINLORENZ_1012,1.9785990785651886,-3.190642552229526,1.7440719051135027,26.90304884676006
RCPTRAINLORENZ_1013,2.177982151261388,-2.956216224469495,1.9785990785651886,25.990102958801007
RCPTRAINLORENZ_1014,2.7630544147500635,-1.9470532877095077,2.177982151261388,25.560544684258268
RCPTRAINLORENZ_1015,2.420625010035571,-1.5775898880109094,2.7630544147500635,24.537153666985812
RCPTRAINLORENZ_1016,2.4641097559799765,-1.2091844331991168,2.420625010035571,23.349927006271052
RCPTRAINLORENZ_1017,2.4088718404875418,-0.6727383109450741,2.4641097559799765,23.206164384151847
RCPTRAINLORENZ_1018,2.690319440457959,-0.5373214221390639,2.4088718404875418,22.48396532384049
RCPTRAINLORENZ_1019,2.4451776130955194,-0.20307364696483307,2.690319440457959,21.458358642955147
RCPTRAINLORENZ_1020,2.320795704494904,0.33347829409723373,2.4451776130955194,20.687796023569806
RCPTRAINLORENZ_1021,2.0746027488735597,0.5457408076987055,2.320795704494904,20.62505052650734
RCPTRAINLORENZ_1022,2.0594089883439577,0.5050362684986183,2.0746027488735597,19.75986527957136
RCPTRAINLORENZ_1023,1.755688247469497,1.0026148102610246,2.0594089883439577,18.934867424271822
RCPTRAINLORENZ_1024,2.043263252724021,1.2384075911245755,1.755688247469497,18.24010676819726
RCPTRAINLORENZ_1025,1.9068689670610788,1.142874289410088,2.043263252724021,18.148801502074317
RCPTRAINLORENZ_1026,2.0638474883848836,1.1596096229969863,1.9068689670610788,17.52767193064741
RCPTRAINLORENZ_1027,2.152499757239971,0.9545271676955753,2.0638474883848836,16.765865173985123
RCPTRAINLORENZ_1028,1.9383529785553835,0.849265853929234,2.152499757239971,16.033825463076493
RCPTRAINLORENZ_1029,2.1269169377778594,0.7055283525621862,1.9383529785553835,15.955688947764804
RCPTRAINLORENZ_1030,2.3848045711026895,0.5296379991628094,2.1269169377778594,15.431147247925509
RCPTRAINLORENZ_1031,2.5694276177210806,0.9017238553942705,2.3848045711026895,15.038001527525235
RCPTRAINLORENZ_1032,2.2900003034248284,1.3263347851684757,2.5694276177210806,14.482644111209954
RCPTRAINLORENZ_1033,2.354538038840037,1.6446434888459462,2.2900003034248284,14.37539305000606
RCPTRAINLORENZ_1034,2.4037038125103725,1.4139796202778179,2.354538038840037,14.343686779508333
RCPTRAINLORENZ_1035,2.0481461260825693,1.324327730287208,2.4037038125103725,14.049686727755326
RCPTRAINLORENZ_1036,1.6877023284668629,1.2976966967807049,2.0481461260825693,13.994204999409222
RCPTRAINLORENZ_1037,1.8204633841164344,1.5708614118348374,1.6877023284668629,13.59442864112904
RCPTRAINLORENZ_1038,2.0018401020755183,1.9376566845005858,1.8204633841164344,13.746237632410137
RCPTRAINLORENZ_1039,1.7894449718921333,1.6261080314125818,2.0018401020755183,13.46526247882102
RCPTRAINLORENZ_1040,1.7776919747148856,1.5766330518734872,1.7894449718921333,13.116676705082963
RCPTRAINLORENZ_1041,1.6052198646726223,1.4764233211436173,1.7776919747148856,12.069819826719641
RCPTRAINLORENZ_1042,1.9749796143478964,1.0869961102367787,1.6052198646726223,12.009924778295604
RCPTRAINLORENZ_1043,2.0486587661462643,1.3651541761477055,1.9749796143478964,12.379664201333036
RCPTRAINLORENZ_1044,1.9631128835341376,2.0636652106775917,2.0486587661462643,12.20204933491234
RCPTRAINLORENZ_1045,1.889816014030279,1.6580129376578332,1.9631128835341376,12.271733163436576
RCPTRAINLORENZ_1046,2.178236776590779,2.052386991969337,1.889816014030279,11.842486080364194
RCPTRAINLORENZ_1047,2.787721398327796,2.3770717932630685,2.178236776590779,11.562004607161688
RCPTRAINLORENZ_1048,3.1989610121261047,2.4009870764683927,2.787721398327796,11.409973873080206
RCPTRAINLORENZ_1049,3.7111966553642333,2.251223079296899,3.1989610121261047,11.394637527281601
RCPTRAINLORENZ_1050,3.9894154871712195,2.534751077893419,3.7111966553642333,10.848727242540845
RCPTRAINLORENZ_1051,4.67026470482066,2.8779665840084316,3.9894154871712195,10.723523929545731
RCPTRAINLORENZ_1052,5.139261998439186,3.029513182641692,4.67026470482066,11.158144898751228
RCPTRAINLORENZ_1053,5.614126730665999,2.6873512110629894,5.139261998439186,11.029077724441173
RCPTRAINLORENZ_1054,6.302081238077258,3.1113154781004044,5.614126730665999,10.889536856949434
RCPTRAINLORENZ_1055,6.991571206257919,2.803806993276855,6.302081238077258,10.67575781003957
RCPTRAINLORENZ_1056,7.364972426432572,3.4148962752014724,6.991571206257919,10.338603655088958
RCPTRAINLORENZ_1057,8.251488835395614,3.4032277112090514,7.364972426432572,10.477072929541398
RCPTRAINLORENZ_1058,9.143857068459493,3.8218814274838797,8.251488835395614,10.183651504821851
RCPTRAINLORENZ_1059,9.509911492663297,4.276661280898115,9.143857068459493,10.16544072452673
RCPTRAINLORENZ_1060,10.256846493027,5.033665638039531,9.509911492663297,10.206333528009624
RCPTRAINLORENZ_1061,10.809459124722926,5.408151647558542,10.256846493027,10.616294856777245
RCPTRAINLORENZ_1062,11.724327361760965,5.656786635292398,10.809459124722926,10.957490822204106
RCPTRAINLORENZ_1063,12.408987489990805,6.20399121348393,11.724327361760965,11.124683050177495
RCPTRAINLORENZ_1064,13.374386235632969,6.835428845220558,12.408987489990805,11.409783737729873
RCPTRAINLORENZ_1065,14.86829242262332,7.551269929679095,13.374386235632969,11.796717408207646
RCPTRAINLORENZ_1066,15.805595398017243,8.493784362968261,14.86829242262332,12.306398707815752
RCPTRAINLORENZ_1067,16.738248875635968,8.909138793390097,15.805595398017243,13.035741832401518
RCPTRAINLORENZ_1068,17.99205603390062,9.627064972433349,16.738248875635968,14.301318995350222
RCPTRAINLORENZ_1069,19.067971065765093,10.60460523834981,17.99205603390062,15.562676232193008
RCPTRAINLORENZ_1070,20.335514427432713,11.055403636331286,19.067971065765093,17.068731240055406
RCPTRAINLORENZ_1071,21.120025220770422,12.064856906611055,20.335514427432713,18.800192503325736
RCPTRAINLORENZ_1072,22.099853053298762,12.712886073840503,21.120025220770422,20.463338272944682
RCPTRAINLORENZ_1073,22.928052294728698,13.622203496977873,22.099853053298762,22.27944576697218
RCPTRAINLORENZ_1074,22.92734797856462,14.749629912888274,22.928052294728698,24.8941194865705
RCPTRAINLORENZ_1075,23.076211862993663,15.829232662244078,22.92734797856462,27.739948760446502
RCPTRAINLORENZ_1076,22.20328683192048,16.299088005969526,23.076211862993663,30.71630654103157
RCPTRAINLORENZ_1077,21.095249223663043,16.982585068159374,22.20328683192048,33.18334651388808
RCPTRAINLORENZ_1078,19.64630986120052,17.557894991180568,21.095249223663043,35.86057207215772
RCPTRAINLORENZ_1079,17.74384569178686,17.766548800140818,19.64630986120052,38.43736584981939
RCPTRAINLORENZ_1080,15.100916981762,18.059691126564594,17.74384569178686,40.81956419989719
RCPTRAINLORENZ_1081,12.48591571538618,18.102905620161753,15.100916981762,43.37551029591633
RCPTRAINLORENZ_1082,9.498008216908865,17.846729571794373,12.48591571538618,44.84093978172139
RCPTRAINLORENZ_1083,6.2604756039122496,17.4630791374364,9.498008216908865,45.583831494859155
RCPTRAINLORENZ_1084,3.241223046636001,17.060693538023138,6.2604756039122496,46.16956775941409
RCPTRAINLORENZ_1085,0.6733013781319465,16.20630250830212,3.241223046636001,45.97916585108238
RCPTRAINLORENZ_1086,-1.8695296507583818,15.11540058384732,0.6733013781319465,44.8860958786266
RCPTRAINLORENZ_1087,-3.8851656123399545,13.45041872551039,-1.8695296507583818,43.80727413436456
RCPTRAINLORENZ_1088,-5.495281977927286,11.904161878433174,-3.8851656123399545,42.2283672829411
RCPTRAINLORENZ_1089,-6.667262098848093,10.492204073579394,-5.495281977927286,40.38754145360021
RCPTRAINLORENZ_1090,-7.509980286262894,8.580756748303818,-6.667262098848093,38.873738686887876
RCPTRAINLORENZ_1091,-8.500352266220588,6.9523915719818525,-7.509980286262894,37.395180283612824
RCPTRAINLORENZ_1092,-8.961643422614639,5.763264134849507,-8.500352266220588,35.91264800309376
RCPTRAINLORENZ_1093,-8.885742024332464,4.240936260795405,-8.961643422614639,34.19654278385594
RCPTRAINLORENZ_1094,-9.088888038642288,2.5179302410253066,-8.885742024332464,32.66233568351255
RCPTRAINLORENZ_1095,-9.313857309864591,1.17791593075069,-9.088888038642288,31.46188129362954
RCPTRAINLORENZ_1096,-9.10476349896822,0.40509220202990565,-9.313857309864591,30.647616545432307
RCPTRAINLORENZ_1097,-8.847743130600563,-0.7057418141011182,-9.10476349896822,29.670033109949035
RCPTRAINLORENZ_1098,-8.511003337445999,-1.6893786628410343,-8.847743130600563,29.230122913824538
RCPTRAINLORENZ_1099,-8.58745263929501,-1.9760884314865226,-8.511003337445999,28.27372919752297
RCPTRAINLORENZ_1100,-8.836796888146955,-2.742992409072232,-8.58745263929501,27.55094263946157
RCPTRAINLORENZ_1101,-8.829472733529053,-3.583855691907082,-8.836796888146955,26.832816976183842
RCPTRAINLORENZ_1102,-8.338256255064046,-3.9456918739556075,-8.829472733529053,26.47496170611306
RCPTRAINLORENZ_1103,-8.489515424525166,-4.213037013559628,-8.338256255064046,26.25502672605375
RCPTRAINLORENZ_1104,-8.381516024749608,-4.554424613284909,-8.489515424525166,25.893454165844094
RCPTRAINLORENZ_1105,-8.514254173769732,-4.545858113261174,-8.381516024749608,25.446603710293285
RCPTRAINLORENZ_1106,-8.694593809199592,-5.299947494726953,-8.514254173769732,25.217139440088264
RCPTRAINLORENZ_1107,-8.791546830830578,-5.694849301114275,-8.694593809199592,24.860311598780743
RCPTRAINLORENZ_1108,-8.955173273822782,-6.400279040833591,-8.791546830830578,24.60961790251345
RCPTRAINLORENZ_1109,-8.96418153091663,-6.82020696192567,-8.955173273822782,24.269775375261094
RCPTRAINLORENZ_1110,-9.20255197210228,-6.891947900518941,-8.96418153091663,24.382405056444068
RCPTRAINLORENZ_1111,-9.16827330602886,-7.395730477088583,-9.20255197210228,24.463857840046085
RCPTRAINLORENZ_1112,-9.077356282068639,-7.833979260417874,-9.16827330602886,24.525227389987045
RCPTRAINLORENZ_1113,-8.910931129039552,-8.208707050526774,-9.077356282068639,24.779952001742984
RCPTRAINLORENZ_1114,-9.335106312112385,-8.340256836146647,-8.910931129039552,24.540994726600662
RCPTRAINLORENZ_1115,-9.890885246972578,-8.154598842441386,-9.335106312112385,24.379575352140783
RCPTRAINLORENZ_1116,-9.720792502767372,-8.85714453726335,-9.890885246972578,24.19903381828806
RCPTRAINLORENZ_1117,-10.163214467459882,-8.978716474805433,-9.720792502767372,24.152341380162714
RCPTRAINLORENZ_1118,-10.511118828341935,-9.144629733564626,-10.163214467459882,24.067230153778358
RCPTRAINLORENZ_1119,-10.947703296022862,-8.999254756976176,-10.511118828341935,24.57840338924476
RCPTRAINLORENZ_1120,-10.749612868868025,-9.149535606591913,-10.947703296022862,25.387234226738347
RCPTRAINLORENZ_1121,-11.270539867918432,-9.405982012580637,-10.749612868868025,25.717972729914447
RCPTRAINLORENZ_1122,-11.127679313130507,-9.300662229888532,-11.270539867918432,26.353834432400188
RCPTRAINLORENZ_1123,-11.198157763875622,-9.457206459405317,-11.127679313130507,26.705719395583095
RCPTRAINLORENZ_1124,-10.890122221259352,-9.424898594299927,-11.198157763875622,26.827559983676334
RCPTRAINLORENZ_1125,-11.117576517910852,-9.556949837171553,-10.890122221259352,27.285987210770433
RCPTRAINLORENZ_1126,-10.485602933828186,-9.768324678204426,-11.117576517910852,27.825375323444188
RCPTRAINLORENZ_1127,-10.380204477797593,-9.572744069380756,-10.485602933828186,28.191308155986786
RCPTRAINLORENZ_1128,-9.930785852415928,-9.104893434835038,-10.380204477797593,28.448453899085212
RCPTRAINLORENZ_1129,-9.661277056451969,-9.349603534621096,-9.930785852415928,28.555423335898055
RCPTRAINLORENZ_1130,-9.205778084320162,-9.403761986663284,-9.661277056451969,29.01488191792714
RCPTRAINLORENZ_1131,-8.59879119038433,-9.309086012584189,-9.205778084320162,29.032901307903256
RCPTRAINLORENZ_1132,-8.521661670751758,-9.686820093188166,-8.59879119038433,29.08149834871979
RCPTRAINLORENZ_1133,-8.148106920661712,-8.944686328298113,-8.521661670751758,29.745141423728718
RCPTRAINLORENZ_1134,-8.165457771521469,-8.920120367015576,-8.148106920661712,29.57234652059781
RCPTRAINLORENZ_1135,-7.994377800687284,-8.737400403690275,-8.165457771521469,29.551465053008155
RCPTRAINLORENZ_1136,-7.539044514501295,-8.654017018577226,-7.994377800687284,29.02481361263238
RCPTRAINLORENZ_1137,-7.674873948561599,-8.85813438867815,-7.539044514501295,28.840039799520532
RCPTRAINLORENZ_1138,-7.615071528306448,-8.646288177667016,-7.674873948561599,28.799709086216858
RCPTRAINLORENZ_1139,-7.7789603284203865,-8.842467924022326,-7.615071528306448,28.46642541712092
RCPTRAINLORENZ_1140,-7.56629127810827,-8.221321939846133,-7.7789603284203865,28.462028334123694
RCPTRAINLORENZ_1141,-7.837212563907587,-8.433883462663994,-7.56629127810827,28.778086479857144
RCPTRAINLORENZ_1142,-7.506015345442529,-8.278187044932155,-7.837212563907587,28.841530926447675
RCPTRAINLORENZ_1143,-7.0105656521777515,-8.650847944544056,-7.506015345442529,28.8511600639714
RCPTRAINLORENZ_1144,-6.636671276469912,-8.810346439770086,-7.0105656521777515,28.83454586961288
RCPTRAINLORENZ_1145,-6.679962097584753,-8.755165179655133,-6.636671276469912,28.532890323019462
RCPTRAINLORENZ_1146,-6.5708831259147225,-8.490693470138408,-6.679962097584753,28.281256630485707
RCPTRAINLORENZ_1147,-5.9979102923655825,-8.09583236631558,-6.5708831259147225,28.464115090249923
RCPTRAINLORENZ_1148,-5.862253303550517,-7.648714192660621,-5.9979102923655825,28.38116208169228
RCPTRAINLORENZ_1149,-5.817989516749748,-7.1873177911672155,-5.862253303550517,28.189110453290493
RCPTRAINLORENZ_1150,-5.69058365963023,-7.0676080267765125,-5.817989516749748,28.034035774623618
RCPTRAINLORENZ_1151,-5.592425574797285,-6.744421176245525,-5.69058365963023,27.73348872150627
RCPTRAINLORENZ_1152,-5.510927404003178,-7.344099645269189,-5.592425574797285,27.30263585422676
RCPTRAINLORENZ_1153,-5.997606848426192,-7.072428770389294,-5.510927404003178,26.66992735370494
RCPTRAINLORENZ_1154,-5.78648162285169,-6.432848891544745,-5.997606848426192,26.485182424185247
RCPTRAINLORENZ_1155,-5.845411049689517,-6.449120718815201,-5.78648162285169,25.738780662081503
RCPTRAINLORENZ_1156,-5.90352326904012,-6.887962436134104,-5.845411049689517,25.29421503031539
RCPTRAINLORENZ_1157,-6.260864034326696,-6.876637804285763,-5.90352326904012,24.940015435850867
RCPTRAINLORENZ_1158,-6.6287089035220275,-6.7552488517572185,-6.260864034326696,24.911812949129796
RCPTRAINLORENZ_1159,-6.930127455856672,-6.975835257750941,-6.6287089035220275,24.39520492400363
RCPTRAINLORENZ_1160,-6.66397531592904,-7.337267381095098,-6.930127455856672,23.921750677809772
RCPTRAINLORENZ_1161,-6.80920216485402,-7.001383366682109,-6.66397531592904,23.72210364349808
RCPTRAINLORENZ_1162,-6.775392367300242,-6.973731068014584,-6.80920216485402,23.794711546659663
RCPTRAINLORENZ_1163,-7.23420272791866,-6.499620252071196,-6.775392367300242,23.67716255034073
RCPTRAINLORENZ_1164,-7.604088167432906,-6.421410680476947,-7.23420272791866,23.730042417628546
RCPTRAINLORENZ_1165,-7.338363056577282,-6.320079687186289,-7.604088167432906,23.416520414062234
RCPTRAINLORENZ_1166,-7.735313242440499,-6.51055716993325,-7.338363056577282,23.086162526937454
RCPTRAINLORENZ_1167,-7.709582166847508,-6.1609844015120165,-7.735313242440499,23.908268753990445
RCPTRAINLORENZ_1168,-7.679058213087426,-6.297648253243818,-7.709582166847508,23.79649368303157
RCPTRAINLORENZ_1169,-8.022924347317788,-6.928872774361095,-7.679058213087426,24.078850401742486
RCPTRAINLORENZ_1170,-8.424345245289977,-6.968758551000368,-8.022924347317788,24.212952132358286
RCPTRAINLORENZ_1171,-8.86232009866561,-6.7480140028228295,-8.424345245289977,24.30270711757816
RCPTRAINLORENZ_1172,-8.905390667927039,-6.670374208579703,-8.86232009866561,24.154310742379838
RCPTRAINLORENZ_1173,-8.799366551865504,-6.966608240520642,-8.905390667927039,24.009178271048317
RCPTRAINLORENZ_1174,-9.216521567178377,-6.418299538161138,-8.799366551865504,24.0438591343615
RCPTRAINLORENZ_1175,-9.379055678553687,-6.762444673649914,-9.216521567178377,24.44569033794422
RCPTRAINLORENZ_1176,-9.34836009727683,-6.918653191867909,-9.379055678553687,25.004835804072492
RCPTRAINLORENZ_1177,-9.169638030840527,-7.122387138286809,-9.34836009727683,24.805351708455067
RCPTRAINLORENZ_1178,-9.07345096839704,-6.790479149998438,-9.169638030840527,25.03707673524111
RCPTRAINLORENZ_1179,-9.274401583801883,-7.151028743922248,-9.07345096839704,24.971077758885645
RCPTRAINLORENZ_1180,-9.223762466500697,-7.1488674364936085,-9.274401583801883,25.25509812877573
RCPTRAINLORENZ_1181,-9.405683831226698,-7.330183592605445,-9.223762466500697,25.341707962758694
RCPTRAINLORENZ_1182,-9.618018813531618,-7.3850785135536,-9.405683831226698,25.778805485940943
RCPTRAINLORENZ_1183,-10.088155883466277,-7.528465707755964,-9.618018813531618,25.71555944966708
RCPTRAINLORENZ_1184,-9.80521112658031,-7.911865867843158,-10.088155883466277,26.118957158408847
RCPTRAINLORENZ_1185,-10.05175754937064,-8.27623420360976,-9.80521112658031,26.399340220374604
RCPTRAINLORENZ_1186,-10.182309060539835,-8.646800076949008,-10.05175754937064,26.7684879017242
RCPTRAINLORENZ_1187,-10.141861123913321,-8.903212892001159,-10.182309060539835,27.167680919423884
RCPTRAINLORENZ_1188,-10.087312187674645,-8.917125193052906,-10.141861123913321,27.15980046640533
RCPTRAINLORENZ_1189,-9.929449045066416,-8.771310045664952,-10.087312187674645,27.626661925206704
RCPTRAINLORENZ_1190,-9.97264108727082,-8.868733901615558,-9.929449045066416,27.92919834309789
RCPTRAINLORENZ_1191,-9.954005078382858,-9.155176105017333,-9.97264108727082,28.09859402467663
RCPTRAINLORENZ_1192,-10.129943445516611,-9.251491509673265,-9.954005078382858,27.844095501516183
RCPTRAINLORENZ_1193,-9.936839960290763,-9.389466241410043,-10.129943445516611,28.09459259046798
RCPTRAINLORENZ_1194,-9.810342698275296,-9.159495040952008,-9.936839960290763,28.253587672261553
RCPTRAINLORENZ_1195,-10.01454374088251,-9.064135716054288,-9.810342698275296,27.868465496073338
RCPTRAINLORENZ_1196,-9.758780804457812,-8.890100689576846,-10.01454374088251,28.098623631604138
RCPTRAINLORENZ_1197,-9.589583219469418,-9.185162764166915,-9.758780804457812,28.014430964128486
RCPTRAINLORENZ_1198,-9.475421870139343,-9.192236824718785,-9.589583219469418,28.36746394238873
RCPTRAINLORENZ_1199,-9.611752101419953,-9.354089615624602,-9.475421870139343,28.369690421682144
RCPTESTLORENZ_0,8.36817209236215,-7.778258373959272,9.727247882922338,15.788890620426688
RCPTESTLORENZ_1,7.40136570781786,-5.808063438153605,8.36817209236215,14.485889179535059
RCPTESTLORENZ_2,6.657486972629225,-4.265741039284296,7.40136570781786,13.087540050512784
RCPTESTLORENZ_3,6.086337467092115,-3.3274422873721528,6.657486972629225,12.061562126362109
RCPTESTLORENZ_4,5.409087659462937,-2.378861873985203,6.086337467092115,11.062887771662332
RCPTESTLORENZ_5,4.953412574661108,-1.1717448165798667,5.409087659462937,10.92951494709851
RCPTESTLORENZ_6,5.141731298431015,-0.45459581477525823,4.953412574661108,10.528010427788706
RCPTESTLORENZ_7,4.810549802967382,-0.02774145262296389,5.141731298431015,9.80953877720562
RCPTESTLORENZ_8,4.8234558589308305,0.7296458368749991,4.810549802967382,9.769606612444154
RCPTESTLORENZ_9,4.932085004274484,1.1012024257038324,4.8234558589308305,9.574767020914738
RCPTESTLORENZ_10,5.135634412223986,1.3389744205864895,4.932085004274484,9.227334782618708
RCPTESTLORENZ_11,5.471279563729606,1.785794365443775,5.135634412223986,8.961444204764192
RCPTESTLORENZ_12,5.791213960328933,2.024702153406192,5.471279563729606,9.396440093722022
RCPTESTLORENZ_13,5.707443542660992,2.8206215539172614,5.791213960328933,9.571955382556306
RCPTESTLORENZ_14,5.85976801477487,3.0983424460832087,5.707443542660992,9.417998825137618
RCPTESTLORENZ_15,6.248954810958901,3.07966697247685,5.85976801477487,9.21954047556872
RCPTESTLORENZ_16,6.923990695070468,3.6698793220887596,6.248954810958901,9.09463489025541
RCPTESTLORENZ_17,7.582247206056808,4.140959513621532,6.923990695070468,9.320882643931967
RCPTESTLORENZ_18,8.41392077266462,4.357125661704832,7.582247206056808,9.181358437107619
RCPTESTLORENZ_19,9.642969049579058,4.25823780952618,8.41392077266462,9.421361028590269
RCPTESTLORENZ_20,10.338089694115856,5.052628237595506,9.642969049579058,9.720264447678954
RCPTESTLORENZ_21,11.5707836886155,5.7892191231242975,10.338089694115856,10.13735921865781
RCPTESTLORENZ_22,12.837836367437836,6.117340121797876,11.5707836886155,10.115049909168608
RCPTESTLORENZ_23,13.928321935800417,6.487729670085799,12.837836367437836,10.496472485618272
RCPTESTLORENZ_24,15.47743264111828,7.418095126426709,13.928321935800417,10.901671715426202
RCPTESTLORENZ_25,16.75073788664497,8.365513027231813,15.47743264111828,11.66211522246711
RCPTESTLORENZ_26,18.057591153019988,9.282789910762341,16.75073788664497,12.566221133988122
RCPTESTLORENZ_27,19.609183870253855,9.882387544494707,18.057591153019988,13.761423636185784
RCPTESTLORENZ_28,20.714386255450815,10.866186876708358,19.609183870253855,14.894696183326266
RCPTESTLORENZ_29,21.603657382187492,11.574201230255488,20.714386255450815,16.34995113234627
RCPTESTLORENZ_30,22.575610632291614,12.094124587768507,21.603657382187492,18.228691077141026
RCPTESTLORENZ_31,23.578864751304902,13.097704670114563,22.575610632291614,20.781717645631073
RCPTESTLORENZ_32,24.13726949943901,13.828764460089404,23.578864751304902,23.181652098146337
RCPTESTLORENZ_33,24.137478107007983,14.631979621186366,24.13726949943901,26.02757708422915
RCPTESTLORENZ_34,23.874550439367667,15.501844813687104,24.137478107007983,28.721748357820573
RCPTESTLORENZ_35,23.013832485693428,16.563974031994185,23.874550439367667,31.70313759064418
RCPTESTLORENZ_36,21.801346137280266,17.15311782222482,23.013832485693428,34.942214092482395
RCPTESTLORENZ_37,19.64513494279629,17.219216952684235,21.801346137280266,37.6028078147282
RCPTESTLORENZ_38,17.52468369998534,18.422368091309952,19.64513494279629,40.42031940152894
RCPTESTLORENZ_39,14.518235517324833,18.665318896424917,17.52468369998534,42.88109228307919
RCPTESTLORENZ_40,11.322928964666458,18.396279325070243,14.518235517324833,45.14676151090229
RCPTESTLORENZ_41,7.780429381730346,17.475031072747893,11.322928964666458,47.22510455191164
RCPTESTLORENZ_42,4.610695696416835,17.12148800414991,7.780429381730346,48.11143480112157
RCPTESTLORENZ_43,1.281729052933304,16.242266567989173,4.610695696416835,48.266875476308215
RCPTESTLORENZ_44,-1.6487584956423949,15.25268736169455,1.281729052933304,47.610393475701756
RCPTESTLORENZ_45,-4.475775796178806,14.228674402098038,-1.6487584956423949,47.089714508176115
RCPTESTLORENZ_46,-6.667878602581804,12.274923683409497,-4.475775796178806,45.44845545126626
RCPTESTLORENZ_47,-8.91637424783748,11.356437249558555,-6.667878602581804,43.89594058590546
RCPTESTLORENZ_48,-10.438214408983677,9.61098154237354,-8.91637424783748,41.99446987599836
RCPTESTLORENZ_49,-11.227101749488515,7.869923931945027,-10.438214408983677,40.15592284492559
RCPTESTLORENZ_50,-12.0511670320502,6.1434176409977646,-11.227101749488515,38.104940836393446
RCPTESTLORENZ_51,-12.288721823819994,4.181654428413037,-12.0511670320502,36.6669846894763
RCPTESTLORENZ_52,-12.257190578373002,2.740232405733122,-12.288721823819994,35.246008560452154
RCPTESTLORENZ_53,-12.057695480373273,1.2668008648767934,-12.257190578373002,34.105416530683456
RCPTESTLORENZ_54,-12.239844352398864,-0.22472110396561917,-12.057695480373273,32.964170526961745
RCPTESTLORENZ_55,-12.00886300792168,-1.56161181711315,-12.239844352398864,32.48837110584341
RCPTESTLORENZ_56,-11.946628931766528,-2.20624565989724,-12.00886300792168,31.847160257280574
RCPTESTLORENZ_57,-11.294950521500052,-3.142907432170804,-11.946628931766528,31.26813812372526
RCPTESTLORENZ_58,-11.638243325914923,-4.2777505797352315,-11.294950521500052,30.670713074184516
RCPTESTLORENZ_59,-11.086435073770504,-5.083241796274453,-11.638243325914923,30.469609331058454
RCPTESTLORENZ_60,-10.65873973676166,-5.815377075587924,-11.086435073770504,30.357274086493767
RCPTESTLORENZ_61,-10.206307516592766,-6.163543686727093,-10.65873973676166,30.21505747734203
RCPTESTLORENZ_62,-9.833150600341058,-6.694664044185128,-10.206307516592766,29.863743588575694
RCPTESTLORENZ_63,-9.804038631118793,-6.97717721802569,-9.833150600341058,30.091266200230386
RCPTESTLORENZ_64,-9.538314800634835,-7.423021857178987,-9.804038631118793,29.890997735526792
RCPTESTLORENZ_65,-9.172785412207649,-8.203780940684918,-9.538314800634835,29.782017674070854
RCPTESTLORENZ_66,-9.437710793365492,-8.168776183883702,-9.172785412207649,29.780036491260216
RCPTESTLORENZ_67,-9.38410271035418,-7.917045279805139,-9.437710793365492,29.792205519647677
RCPTESTLORENZ_68,-8.688898273211406,-7.957663172301432,-9.38410271035418,29.862164163571773
RCPTESTLORENZ_69,-8.870157530310086,-8.05401612118071,-8.688898273211406,29.567301276654923
RCPTESTLORENZ_70,-8.82636487024562,-8.47793548253111,-8.870157530310086,28.978913573338648
RCPTESTLORENZ_71,-8.743118305316234,-8.461704506814003,-8.82636487024562,29.137960861764558
RCPTESTLORENZ_72,-8.700309984722104,-8.54098770166724,-8.743118305316234,29.32951336032389
RCPTESTLORENZ_73,-8.235401124863392,-8.41483406652949,-8.700309984722104,29.467931466370164
RCPTESTLORENZ_74,-7.913906882786711,-8.923455235775188,-8.235401124863392,29.479573140161893
RCPTESTLORENZ_75,-7.204585192150817,-9.032087004112682,-7.913906882786711,29.51623215750101
RCPTESTLORENZ_76,-6.957343966096605,-8.77924291966363,-7.204585192150817,29.746377835567756
RCPTESTLORENZ_77,-6.847449557157484,-8.502435183823716,-6.957343966096605,29.337998773916553
RCPTESTLORENZ_78,-7.096693547711398,-8.551773521983668,-6.847449557157484,29.210785655337617
RCPTESTLORENZ_79,-7.182574391893109,-8.12776802222133,-7.096693547711398,28.605799370575983
RCPTESTLORENZ_80,-6.815743120061169,-7.90369510716499,-7.182574391893109,28.267252179821156
RCPTESTLORENZ_81,-6.667936487125011,-7.9856972249828075,-6.815743120061169,27.876198161560644
RCPTESTLORENZ_82,-6.679748913921211,-8.038358455101157,-6.667936487125011,27.79660027960258
RCPTESTLORENZ_83,-6.7463262494879235,-8.191193558915034,-6.679748913921211,27.75681397074388
RCPTESTLORENZ_84,-6.418352284691894,-7.768573071266546,-6.7463262494879235,27.456319900581168
RCPTESTLORENZ_85,-6.8805186249986585,-7.70105178913977,-6.418352284691894,26.716621668899553
RCPTESTLORENZ_86,-7.233575504557348,-7.597738153483774,-6.8805186249986585,26.21361271175282
RCPTESTLORENZ_87,-7.261462091474573,-7.347332977597189,-7.233575504557348,26.362895769254852
RCPTESTLORENZ_88,-7.128706430876689,-7.073827179670835,-7.261462091474573,25.982732189035175
RCPTESTLORENZ_89,-6.855388730852906,-7.3573696397847215,-7.128706430876689,25.83419066675688
RCPTESTLORENZ_90,-7.082191067316858,-7.45220388776043,-6.855388730852906,25.577166337921916
RCPTESTLORENZ_91,-7.415980295443521,-7.868285970378339,-7.082191067316858,25.379985756478167
RCPTESTLORENZ_92,-7.370176250064514,-7.83383459096491,-7.415980295443521,25.554355397693683
RCPTESTLORENZ_93,-7.394976106050527,-7.659177003465365,-7.370176250064514,25.88727831318684
RCPTESTLORENZ_94,-7.428791124042899,-7.455584908024079,-7.394976106050527,26.016273599195717
RCPTESTLORENZ_95,-7.217998258919133,-7.342604175823738,-7.428791124042899,26.168452075703904
RCPTESTLORENZ_96,-7.478600013996304,-7.193297352314367,-7.217998258919133,25.987762901780904
RCPTESTLORENZ_97,-7.442097794379557,-6.766164731125251,-7.478600013996304,25.870893443314877
RCPTESTLORENZ_98,-7.379773764367991,-6.805294546505483,-7.442097794379557,25.85634493379398
RCPTESTLORENZ_99,-7.453630121405525,-6.913525051022505,-7.379773764367991,25.60892305100611
RCPTESTLORENZ_100,-7.283465719203699,-6.627416777607204,-7.453630121405525,25.28112301565242
RCPTESTLORENZ_101,-7.42714856718586,-6.419321194151049,-7.283465719203699,25.06261132706039
RCPTESTLORENZ_102,-7.4799001139749235,-6.4552961828633535,-7.42714856718586,24.39350304589038
RCPTESTLORENZ_103,-7.247995048609171,-6.807884251977285,-7.4799001139749235,23.796400654794393
RCPTESTLORENZ_104,-7.670732491982536,-7.369987398662614,-7.247995048609171,23.55217661013228
RCPTESTLORENZ_105,-7.8704876919540405,-7.540666582376223,-7.670732491982536,23.655437794182657
RCPTESTLORENZ_106,-7.731876402359137,-7.714510899999628,-7.8704876919540405,23.400985556202198
RCPTESTLORENZ_107,-8.019283894965417,-7.330282154003606,-7.731876402359137,23.129296729193157
RCPTESTLORENZ_108,-7.9520825512690285,-7.583104970536594,-8.019283894965417,23.18344565718426
RCPTESTLORENZ_109,-7.816023142637089,-8.300560823123865,-7.9520825512690285,22.99258177874202
RCPTESTLORENZ_110,-8.412319532932118,-8.037575661752188,-7.816023142637089,23.074109136514235
RCPTESTLORENZ_111,-8.553421343410477,-7.904274393829878,-8.412319532932118,22.995948137904936
RCPTESTLORENZ_112,-8.916523450562986,-8.348402496701546,-8.553421343410477,22.998123696538006
RCPTESTLORENZ_113,-8.890349336524812,-8.081102131502,-8.916523450562986,23.00120126716416
RCPTESTLORENZ_114,-9.10462523261866,-8.721604477535992,-8.890349336524812,23.166309124647967
RCPTESTLORENZ_115,-9.16221842229969,-8.970461287102728,-9.10462523261866,23.60413615138547
RCPTESTLORENZ_116,-9.849482820472165,-9.081811443084979,-9.16221842229969,23.834987324791374
RCPTESTLORENZ_117,-10.423787376066803,-9.546727932959387,-9.849482820472165,23.6252934596002
RCPTESTLORENZ_118,-10.625439404117849,-9.409083658867681,-10.423787376066803,24.176196178776692
RCPTESTLORENZ_119,-10.729632912413491,-9.744149431662095,-10.625439404117849,24.818327541982498
RCPTESTLORENZ_120,-10.799663387961338,-9.8567416510494,-10.729632912413491,25.062978295547452
RCPTESTLORENZ_121,-10.810901391346125,-10.075519329479942,-10.799663387961338,25.720926249196474
RCPTESTLORENZ_122,-10.99008823211293,-10.079743988466495,-10.810901391346125,26.268910277924547
RCPTESTLORENZ_123,-11.525912342262414,-10.202103805316753,-10.99008823211293,26.073298899030707
RCPTESTLORENZ_124,-11.381634609127373,-9.993392662806775,-11.525912342262414,26.324994496216387
RCPTESTLORENZ_125,-11.711250851787652,-10.162409200220404,-11.381634609127373,26.76272824394001
RCPTESTLORENZ_126,-11.201991711488475,-10.553995461845489,-11.711250851787652,27.12379525611264
RCPTESTLORENZ_127,-11.583563604359085,-10.581354703092751,-11.201991711488475,27.064172625134642
RCPTESTLORENZ_128,-11.747898492105469,-10.485011329371977,-11.583563604359085,27.863007090273708
RCPTESTLORENZ_129,-11.644801202957376,-10.794611607617512,-11.747898492105469,28.700965561195513
RCPTESTLORENZ_130,-11.351348446584684,-10.88807520004752,-11.644801202957376,29.056769936853815
RCPTESTLORENZ_131,-11.163126492768287,-11.195523140314481,-11.351348446584684,29.40542580308226
RCPTESTLORENZ_132,-11.027022476961188,-11.572950016434918,-11.163126492768287,29.83878487604506
RCPTESTLORENZ_133,-10.688236399758463,-11.614840797554637,-11.027022476961188,30.69915664996302
RCPTESTLORENZ_134,-10.001748177489084,-11.474946758550928,-10.688236399758463,31.36418169677871
RCPTESTLORENZ_135,-9.576664923578821,-11.477098302113186,-10.001748177489084,31.65477905057726
RCPTESTLORENZ_136,-8.75644909780676,-11.132289458483315,-9.576664923578821,31.671422493863744
RCPTESTLORENZ_137,-8.142539540531423,-10.976216979901553,-8.75644909780676,31.632074664690975
RCPTESTLORENZ_138,-7.633709258125977,-10.622193415744974,-8.142539540531423,32.27925831429474
RCPTESTLORENZ_139,-7.161378611666454,-10.120837854928794,-7.633709258125977,31.837359826155716
RCPTESTLORENZ_140,-6.690741697833281,-9.779233557036417,-7.161378611666454,31.942929530325202
RCPTESTLORENZ_141,-6.572093379701553,-9.521990682807143,-6.690741697833281,31.814703868413286
RCPTESTLORENZ_142,-6.480907548636721,-9.222443952985545,-6.572093379701553,31.624921137498678
RCPTESTLORENZ_143,-5.893383975921715,-9.214388517658161,-6.480907548636721,31.530196586305717
RCPTESTLORENZ_144,-5.689081011821456,-8.629840256448173,-5.893383975921715,31.127872801278958
RCPTESTLORENZ_145,-5.444663273876052,-8.28434950189086,-5.689081011821456,30.87418804882864
RCPTESTLORENZ_146,-5.1682365915788635,-8.18904138572915,-5.444663273876052,30.12572899926093
RCPTESTLORENZ_147,-5.358894287971053,-7.866936239844296,-5.1682365915788635,29.84663562978473
RCPTESTLORENZ_148,-4.802386518681384,-7.748711917827887,-5.358894287971053,29.460840884107014
RCPTESTLORENZ_149,-4.258258005043566,-7.762796499973137,-4.802386518681384,29.24078039705299
RCPTESTLORENZ_150,-3.678688539198637,-7.920723011994914,-4.258258005043566,28.85584331204428
RCPTESTLORENZ_151,-4.499219283436356,-7.391745669447577,-3.678688539198637,28.164219845285878
RCPTESTLORENZ_152,-4.405649859652517,-6.902721944808636,-4.499219283436356,27.783872996312805
RCPTESTLORENZ_153,-4.2202122091592535,-6.642579902113088,-4.405649859652517,27.37523525644314
RCPTESTLORENZ_154,-4.130570997503818,-6.452939281561174,-4.2202122091592535,27.03260087778613
RCPTESTLORENZ_155,-3.915801541361132,-5.851645284416612,-4.130570997503818,26.360567793634775
RCPTESTLORENZ_156,-3.879416545154196,-5.332378631054488,-3.915801541361132,25.97097507157174
RCPTESTLORENZ_157,-4.000279241720878,-5.1340184686415435,-3.879416545154196,25.49775230077086
RCPTESTLORENZ_158,-4.427314098861318,-4.834247084757417,-4.000279241720878,25.145341979672597
RCPTESTLORENZ_159,-4.772705786660056,-5.308234597953283,-4.427314098861318,24.681278389308464
RCPTESTLORENZ_160,-4.933865147195591,-5.278802329081858,-4.772705786660056,24.226427816911155
RCPTESTLORENZ_161,-5.352738263482246,-5.548243927164573,-4.933865147195591,23.789105109183428
RCPTESTLORENZ_162,-5.276388089177285,-5.651962252370794,-5.352738263482246,23.31831374503452
RCPTESTLORENZ_163,-5.107521117615378,-5.501451185922778,-5.276388089177285,22.466240923054976
RCPTESTLORENZ_164,-5.437745693903337,-5.885578860975352,-5.107521117615378,22.248170253389727
RCPTESTLORENZ_165,-5.713580227670139,-5.827127237003963,-5.437745693903337,22.30009141937476
RCPTESTLORENZ_166,-6.266865751201729,-5.974655534239895,-5.713580227670139,21.866260119753182
RCPTESTLORENZ_167,-6.275911047258108,-5.969722450761834,-6.266865751201729,21.32166901468902
RCPTESTLORENZ_168,-6.37081428998073,-5.790849822791737,-6.275911047258108,21.1526961986947
RCPTESTLORENZ_169,-7.193730516986658,-6.081731924705632,-6.37081428998073,20.751316917476654
RCPTESTLORENZ_170,-7.168600363791206,-6.02477506673042,-7.193730516986658,20.797224280884663
RCPTESTLORENZ_171,-7.068767981116436,-6.3884069561508,-7.168600363791206,20.911727091617998
RCPTESTLORENZ_172,-7.356053713231844,-6.2877758303548275,-7.068767981116436,20.534798201170517
RCPTESTLORENZ_173,-7.703188089860354,-6.032636188549678,-7.356053713231844,20.583053390956938
RCPTESTLORENZ_174,-8.296244672057037,-6.228680170350008,-7.703188089860354,20.83087208377469
RCPTESTLORENZ_175,-9.246005020800151,-6.576211404727328,-8.296244672057037,21.385185393736865
RCPTESTLORENZ_176,-9.913955588520677,-7.078752052162058,-9.246005020800151,21.22209485487562
RCPTESTLORENZ_177,-9.975699087647234,-7.33510388822793,-9.913955588520677,21.425187579731066
RCPTESTLORENZ_178,-10.695136620880843,-7.189473818912222,-9.975699087647234,21.511110269634067
RCPTESTLORENZ_179,-11.147575184627627,-7.479679385970777,-10.695136620880843,21.635391455296816
RCPTESTLORENZ_180,-11.10920560528308,-7.69251413849613,-11.147575184627627,22.04772017928489
RCPTESTLORENZ_181,-11.376160322420482,-8.042575479768237,-11.10920560528308,21.98069566191831
RCPTESTLORENZ_182,-12.092944501056706,-7.978973918273738,-11.376160322420482,22.456557439220642
RCPTESTLORENZ_183,-12.44522035521545,-8.143821359715375,-12.092944501056706,22.894139102222766
RCPTESTLORENZ_184,-12.715002792571354,-8.150033053487025,-12.44522035521545,23.306624993057422
RCPTESTLORENZ_185,-12.984184817458015,-8.437331643996957,-12.715002792571354,23.527859409436772
RCPTESTLORENZ_186,-13.144962745260315,-9.047713406316669,-12.984184817458015,24.26374744499931
RCPTESTLORENZ_187,-13.483268437772145,-9.224452834566819,-13.144962745260315,25.10303903855814
RCPTESTLORENZ_188,-13.685822048860675,-9.883772510574088,-13.483268437772145,25.64567208901476
RCPTESTLORENZ_189,-13.522415836126735,-10.147033099628922,-13.685822048860675,26.2310199292288
RCPTESTLORENZ_190,-14.022085124033577,-10.637711054105203,-13.522415836126735,26.738512270333672
RCPTESTLORENZ_191,-13.64045663785425,-11.004393044047085,-14.022085124033577,27.560119979117964
RCPTESTLORENZ_192,-13.419876104325008,-11.63561933144529,-13.64045663785425,28.329073829674574
RCPTESTLORENZ_193,-12.530899739188701,-11.390375019276357,-13.419876104325008,29.18339738312796
RCPTESTLORENZ_194,-11.862431152721161,-11.553323070980875,-12.530899739188701,29.97702355530287
RCPTESTLORENZ_195,-11.541704857385586,-11.810708785414597,-11.862431152721161,30.56391537698071
RCPTESTLORENZ_196,-11.479263935868572,-11.642400944866939,-11.541704857385586,31.123993348285108
RCPTESTLORENZ_197,-11.322991814570221,-11.674798285560811,-11.479263935868572,31.62569685182967
RCPTESTLORENZ_198,-10.721152222330211,-11.694039241440642,-11.322991814570221,31.924954584310637
RCPTESTLORENZ_199,-10.236228594031305,-11.745230006887597,-10.721152222330211,32.5343651300843
RCPTESTLORENZ_200,-9.35151013319829,-11.351737697494297,-10.236228594031305,33.27591572394365
RCPTESTLORENZ_201,-8.12239936017507,-11.19572786406681,-9.35151013319829,33.18483846150359
RCPTESTLORENZ_202,-7.567069882382593,-10.97135372773368,-8.12239936017507,33.363260979882696
RCPTESTLORENZ_203,-6.758072210587618,-10.73862885847713,-7.567069882382593,33.08775027429964
RCPTESTLORENZ_204,-5.754352678866363,-9.943166838105252,-6.758072210587618,33.429613589609666
RCPTESTLORENZ_205,-4.961358055718006,-9.436579322247898,-5.754352678866363,33.33742327972003
RCPTESTLORENZ_206,-3.824795238179653,-9.000298031812221,-4.961358055718006,32.889777861956844
RCPTESTLORENZ_207,-3.638715750150295,-8.497093275744854,-3.824795238179653,32.426216284525786
RCPTESTLORENZ_208,-2.8813218347746066,-7.962083640599958,-3.638715750150295,31.655984964401277
RCPTESTLORENZ_209,-2.6084884103968946,-7.301497794763925,-2.8813218347746066,30.926870722670134
RCPTESTLORENZ_210,-2.7077550582345777,-6.559892601371833,-2.6084884103968946,30.206796298601823
RCPTESTLORENZ_211,-2.6977827081085133,-5.376941799317871,-2.7077550582345777,29.514301283315163
RCPTESTLORENZ_212,-2.301407857464376,-5.129659316301863,-2.6977827081085133,28.7866169548239
RCPTESTLORENZ_213,-1.944114315858142,-5.061647717827741,-2.301407857464376,28.006428205314357
RCPTESTLORENZ_214,-2.031445598740348,-4.292020864211496,-1.944114315858142,27.36975183371319
RCPTESTLORENZ_215,-1.8350915529715814,-4.070489177787147,-2.031445598740348,26.599600301129502
RCPTESTLORENZ_216,-2.103155489452997,-4.5294316139572155,-1.8350915529715814,25.68382263642587
RCPTESTLORENZ_217,-2.3146000325060823,-4.559116894307458,-2.103155489452997,25.3162277441342
RCPTESTLORENZ_218,-2.441285311744379,-4.461376919828429,-2.3146000325060823,25.129838165997466
RCPTESTLORENZ_219,-2.554173121234958,-4.493835339526235,-2.441285311744379,24.339490669439602
RCPTESTLORENZ_220,-2.5690295369736007,-4.473833675297003,-2.554173121234958,23.64254250189168
RCPTESTLORENZ_221,-2.4594884503619907,-4.699401298970292,-2.5690295369736007,23.57591950961674
RCPTESTLORENZ_222,-2.5731092331735606,-4.241519146432961,-2.4594884503619907,22.803298535065366
RCPTESTLORENZ_223,-2.723436467697832,-4.251917626060165,-2.5731092331735606,22.742974354964648
RCPTESTLORENZ_224,-2.7549957716831717,-4.179599011084939,-2.723436467697832,22.679627415552908
RCPTESTLORENZ_225,-2.926959380533399,-3.886598072297039,-2.7549957716831717,21.970189071713023
RCPTESTLORENZ_226,-3.267214411966082,-4.265112549170374,-2.926959380533399,21.94927433406679
RCPTESTLORENZ_227,-3.276132485505631,-4.171050384894086,-3.267214411966082,21.690795375979317
RCPTESTLORENZ_228,-3.7149019986680747,-4.015253146297691,-3.276132485505631,21.54000366335916
RCPTESTLORENZ_229,-3.9242693335657646,-4.030635431767486,-3.7149019986680747,21.310369982225843
RCPTESTLORENZ_230,-4.039027102560272,-3.697073931286523,-3.9242693335657646,20.747280067248408
RCPTESTLORENZ_231,-4.294044788115156,-4.029701693533579,-4.039027102560272,20.135714728843073
RCPTESTLORENZ_232,-4.336217036846797,-4.049368832460835,-4.294044788115156,19.70653059264327
RCPTESTLORENZ_233,-4.690456374708065,-4.021027250568552,-4.336217036846797,19.254613387846277
RCPTESTLORENZ_234,-5.093748808672046,-4.359103914147481,-4.690456374708065,19.040150679687677
RCPTESTLORENZ_235,-5.464189782471915,-4.5479183449881555,-5.093748808672046,18.563815363194355
RCPTESTLORENZ_236,-5.718196529728089,-4.808679831381583,-5.464189782471915,18.552907084742884
RCPTESTLORENZ_237,-6.599111819949118,-4.764807953742427,-5.718196529728089,18.328743267396945
RCPTESTLORENZ_238,-7.5338474800036845,-4.4599149342730415,-6.599111819949118,17.774760194122315
RCPTESTLORENZ_239,-7.791732105765312,-4.288639745146763,-7.5338474800036845,17.327247996626213
RCPTESTLORENZ_240,-8.008802312636483,-4.416273067131322,-7.791732105765312,17.7744522656758
RCPTESTLORENZ_241,-8.443820528542354,-4.4332738323506415,-8.008802312636483,17.750850125546073
RCPTESTLORENZ_242,-9.3243005062472,-4.90311028643525,-8.443820528542354,17.28614525507697
RCPTESTLORENZ_243,-9.691420309380698,-5.0057609916180015,-9.3243005062472,17.303333487642412
RCPTESTLORENZ_244,-9.759789510172464,-4.880640543108326,-9.691420309380698,17.16766735789535
RCPTESTLORENZ_245,-10.02366292492432,-5.595827480559336,-9.759789510172464,17.129606807456597
RCPTESTLORENZ_246,-10.507664582696814,-6.420324527290494,-10.02366292492432,17.101114343482994
RCPTESTLORENZ_247,-11.380944784474814,-6.455838173772829,-10.507664582696814,17.32147131942411
RCPTESTLORENZ_248,-11.88557805793191,-7.181077464804634,-11.380944784474814,17.003917969997833
RCPTESTLORENZ_249,-12.860207938591618,-7.478712953101006,-11.88557805793191,17.380993309164893
RCPTESTLORENZ_250,-13.44905617312821,-7.578630321432617,-12.860207938591618,17.624936696443033
RCPTESTLORENZ_251,-13.901591735782967,-7.9286732684228935,-13.44905617312821,18.52841371252048
RCPTESTLORENZ_252,-14.7348447539403,-8.627844805871534,-13.901591735782967,19.628950424184968
RCPTESTLORENZ_253,-15.30362640693007,-8.972019153650521,-14.7348447539403,20.37059215381252
RCPTESTLORENZ_254,-15.78706340686806,-9.659079277181318,-15.30362640693007,21.150516615571014
RCPTESTLORENZ_255,-16.36703656156008,-10.209947282944443,-15.78706340686806,21.543343145807036
RCPTESTLORENZ_256,-17.24828959638364,-11.261583802760176,-16.36703656156008,22.499525944676197
RCPTESTLORENZ_257,-17.345931200244834,-11.78628927909945,-17.24828959638364,23.59624961921229
RCPTESTLORENZ_258,-17.48166087578773,-11.978545556547106,-17.345931200244834,24.78598856001068
RCPTESTLORENZ_259,-17.595227896341882,-12.614478479429916,-17.48166087578773,26.2167458461277
RCPTESTLORENZ_260,-17.071413341632358,-12.876115855217675,-17.595227896341882,28.319728009993977
RCPTESTLORENZ_261,-16.171187949136566,-13.311037747416828,-17.071413341632358,29.924610411191004
RCPTESTLORENZ_262,-15.253697408725644,-13.313918344994129,-16.171187949136566,31.607792228072704
RCPTESTLORENZ_263,-13.98569117686734,-13.426441095367585,-15.253697408725644,32.98561225456418
RCPTESTLORENZ_264,-13.295038169334738,-14.188440007016467,-13.98569117686734,33.967150237690426
RCPTESTLORENZ_265,-12.233907664970255,-14.182966295202604,-13.295038169334738,35.096454561749354
RCPTESTLORENZ_266,-11.251872093236482,-13.80035467926336,-12.233907664970255,35.567449840078346
RCPTESTLORENZ_267,-9.440442591546393,-14.199377773374321,-11.251872093236482,36.42148001481771
RCPTESTLORENZ_268,-7.617088216972286,-13.997160418489655,-9.440442591546393,37.24857405184497
RCPTESTLORENZ_269,-6.51356369275078,-13.578268082909682,-7.617088216972286,37.55212305744275
RCPTESTLORENZ_270,-5.613831363336091,-12.631695708932579,-6.51356369275078,37.63575177109708
RCPTESTLORENZ_271,-3.959173788747656,-12.04111282947159,-5.613831363336091,37.45187604549202
RCPTESTLORENZ_272,-2.693030353187975,-11.99613277355094,-3.959173788747656,37.08915474289088
RCPTESTLORENZ_273,-1.4956093440319749,-10.995674095270644,-2.693030353187975,36.75654783126992
RCPTESTLORENZ_274,-0.20426041193817507,-10.530991445857213,-1.4956093440319749,35.954679538777114
RCPTESTLORENZ_275,0.8206376796858103,-9.34662174369927,-0.20426041193817507,34.94607355250213
RCPTESTLORENZ_276,0.885890426876208,-8.428891884075163,0.8206376796858103,34.34143113561549
RCPTESTLORENZ_277,1.443572472321413,-7.5119826857098895,0.885890426876208,33.34779364718151
RCPTESTLORENZ_278,1.5005039447985844,-7.071263538191097,1.443572472321413,32.60560251043714
RCPTESTLORENZ_279,1.0388414497468994,-5.733220019030386,1.5005039447985844,31.717595192845216
RCPTESTLORENZ_280,0.9915394682493359,-5.3297771938837135,1.0388414497468994,30.773735851964705
RCPTESTLORENZ_281,1.533624757024841,-4.479094771061863,0.9915394682493359,29.78857674314509
RCPTESTLORENZ_282,1.234925844420943,-3.9265261076666764,1.533624757024841,28.797554771199344
RCPTESTLORENZ_283,0.8088398771604306,-3.39717277528536,1.234925844420943,28.197742781919725
RCPTESTLORENZ_284,0.8114370216359392,-3.1909667593126603,0.8088398771604306,27.59655690575057
RCPTESTLORENZ_285,0.8256296645367518,-2.681786714635718,0.8114370216359392,26.82709320978856
RCPTESTLORENZ_286,0.7794252228266767,-2.284757354102192,0.8256296645367518,26.34083235223111
RCPTESTLORENZ_287,1.2354913937171967,-1.746400623127148,0.7794252228266767,25.396855721299154
RCPTESTLORENZ_288,0.7869463743704174,-1.268924271528255,1.2354913937171967,24.784350422796148
RCPTESTLORENZ_289,1.54717400663699,-0.8405588061537665,0.7869463743704174,24.197615486706276
RCPTESTLORENZ_290,1.5574713920859875,-0.9392743763749577,1.54717400663699,23.70849150441258
RCPTESTLORENZ_291,1.3329287337591582,-0.6902731125047064,1.5574713920859875,23.462093194419694
RCPTESTLORENZ_292,1.3691821734464649,-0.36858270048911224,1.3329287337591582,22.506660355119926
RCPTESTLORENZ_293,1.5824752320779139,-0.17274671312759182,1.3691821734464649,21.488292623301803
RCPTESTLORENZ_294,1.5077988707871806,-0.20074011600743327,1.5824752320779139,21.22119263758445
RCPTESTLORENZ_295,0.8894827927657454,-0.36717253049231735,1.5077988707871806,20.27162146691328
RCPTESTLORENZ_296,0.4769752443917973,-0.29078197521147775,0.8894827927657454,19.599341797905854
RCPTESTLORENZ_297,-0.12238015902921096,0.028979459024045334,0.4769752443917973,18.969127607138745
RCPTESTLORENZ_298,-0.08699260546709754,0.3754900570658857,-0.12238015902921096,18.37615035267611
RCPTESTLORENZ_299,0.03624363295381639,0.7543917649420896,-0.08699260546709754,17.865281171165474
RCPTESTLORENZ_300,-7.275234699963125,7.490268159738569,-8.587111098747135,14.147599831018614
RCPTESTLORENZ_301,-5.904786294439284,5.762085657022942,-7.275234699963125,12.995655677494272
RCPTESTLORENZ_302,-5.35830001535241,4.369155310175924,-5.904786294439284,12.18662769230878
RCPTESTLORENZ_303,-4.850956237979275,3.1570852842937986,-5.35830001535241,11.961715626968733
RCPTESTLORENZ_304,-4.567631607197386,2.2674446394162833,-4.850956237979275,11.555531643447743
RCPTESTLORENZ_305,-4.865533124951284,1.5725433709387724,-4.567631607197386,10.888714902177085
RCPTESTLORENZ_306,-4.5112095849089595,1.188037559288796,-4.865533124951284,10.438980291680892
RCPTESTLORENZ_307,-4.348820884350143,0.5944708567864637,-4.5112095849089595,10.338089872289189
RCPTESTLORENZ_308,-4.39306911222115,-0.26521032827263946,-4.348820884350143,10.026962669133418
RCPTESTLORENZ_309,-4.553457636769584,-0.7882112448136458,-4.39306911222115,9.79622871754679
RCPTESTLORENZ_310,-4.791168275671168,-1.3454180779544878,-4.553457636769584,9.626225069855716
RCPTESTLORENZ_311,-5.010605192477999,-1.7514336413305667,-4.791168275671168,9.148361109070462
RCPTESTLORENZ_312,-5.270343389671888,-2.118335529629274,-5.010605192477999,8.969148449180063
RCPTESTLORENZ_313,-5.9969158702223115,-2.4403622637038467,-5.270343389671888,8.944309430326456
RCPTESTLORENZ_314,-6.397155275592857,-2.279468600431123,-5.9969158702223115,8.698406008061196
RCPTESTLORENZ_315,-6.715516969638618,-2.635165997517569,-6.397155275592857,8.55307300008401
RCPTESTLORENZ_316,-7.408985931638725,-3.2420204303262445,-6.715516969638618,8.731331843282156
RCPTESTLORENZ_317,-7.851523099070398,-4.079904975314966,-7.408985931638725,8.542076109196868
RCPTESTLORENZ_318,-7.888139237877462,-4.106476767749227,-7.851523099070398,8.724977212549382
RCPTESTLORENZ_319,-9.114390749563105,-4.282324483239824,-7.888139237877462,8.438044271382624
RCPTESTLORENZ_320,-9.84769734129649,-4.710531744904603,-9.114390749563105,8.098787093719247
RCPTESTLORENZ_321,-10.673368826253808,-5.240071919477471,-9.84769734129649,8.370325077859103
RCPTESTLORENZ_322,-12.012905972157172,-5.730846037131312,-10.673368826253808,8.996094525778808
RCPTESTLORENZ_323,-13.227948088884592,-6.329259450958903,-12.012905972157172,9.265151491630258
RCPTESTLORENZ_324,-14.572503701262086,-6.481020630532844,-13.227948088884592,9.766277826965798
RCPTESTLORENZ_325,-15.415430004852718,-7.234209005304155,-14.572503701262086,10.021965017119843
RCPTESTLORENZ_326,-16.237619564206973,-8.068130120198742,-15.415430004852718,10.86195890528121
RCPTESTLORENZ_327,-17.6327107541622,-8.599913384307971,-16.237619564206973,11.845980270734053
RCPTESTLORENZ_328,-18.90650896724568,-9.569882838522856,-17.6327107541622,13.002385714164522
RCPTESTLORENZ_329,-20.11455818395072,-10.243829332643081,-18.90650896724568,14.386557281131982
RCPTESTLORENZ_330,-21.133327409501415,-11.047202199271402,-20.11455818395072,15.763775794765953
RCPTESTLORENZ_331,-22.254746011508992,-12.216835401690227,-21.133327409501415,17.33255168997652
RCPTESTLORENZ_332,-23.046087335135837,-13.208657807843027,-22.254746011508992,19.85199131715233
RCPTESTLORENZ_333,-23.540359315408192,-13.98052189465028,-23.046087335135837,22.33201643462642
RCPTESTLORENZ_334,-23.928304756233036,-15.121871507614918,-23.540359315408192,24.739823132794797
RCPTESTLORENZ_335,-23.788395463874995,-15.824194431451117,-23.928304756233036,27.514488176117368
RCPTESTLORENZ_336,-22.895776042028412,-16.559060618742006,-23.788395463874995,30.956196796626788
RCPTESTLORENZ_337,-22.070829534308352,-17.490627422120046,-22.895776042028412,33.983222900481465
RCPTESTLORENZ_338,-20.134394163246306,-17.947360133521986,-22.070829534308352,37.265164888279855
RCPTESTLORENZ_339,-17.674024606743302,-18.371733264612004,-20.134394163246306,40.35413849946281
RCPTESTLORENZ_340,-14.745736411943765,-17.62686633282641,-17.674024606743302,42.93869818140755
RCPTESTLORENZ_341,-11.313864974408903,-18.016598680726815,-14.745736411943765,44.94528952506694
RCPTESTLORENZ_342,-7.89397241403108,-17.84508401043683,-11.313864974408903,46.171620873685136
RCPTESTLORENZ_343,-4.267175075813705,-17.229218443082164,-7.89397241403108,47.22302358275343
RCPTESTLORENZ_344,-1.1190584723937733,-15.977070621797068,-4.267175075813705,47.165600167234544
RCPTESTLORENZ_345,1.6244686695168404,-14.399052556357507,-1.1190584723937733,46.417214795445226
RCPTESTLORENZ_346,3.549245115168264,-13.26214868978586,1.6244686695168404,45.52986135335124
RCPTESTLORENZ_347,5.4003722837314125,-11.773930631323866,3.549245115168264,44.132801761921755
RCPTESTLORENZ_348,7.220925669818526,-10.705128309548407,5.4003722837314125,42.69703667880489
RCPTESTLORENZ_349,8.111479753648073,-9.277693191967215,7.220925669818526,41.23430614769883
RCPTESTLORENZ_350,8.961612004043483,-7.866402476259799,8.111479753648073,39.306314985733444
RCPTESTLORENZ_351,9.493227479375259,-6.147676080110769,8.961612004043483,37.55265495646889
RCPTESTLORENZ_352,9.777402094898491,-4.6931962257617705,9.493227479375259,36.1010765541004
RCPTESTLORENZ_353,10.136482414795946,-2.9928737170352337,9.777402094898491,34.16397877824189
RCPTESTLORENZ_354,10.64892997614022,-1.9990055516381113,10.136482414795946,33.171854383715434
RCPTESTLORENZ_355,10.345854822458593,-1.1341945661835242,10.64892997614022,32.054469545117975
RCPTESTLORENZ_356,9.99323402549782,-0.167343006441091,10.345854822458593,31.204859806990946
RCPTESTLORENZ_357,10.311211330736944,0.789308608337111,9.99323402549782,30.14043788757253
RCPTESTLORENZ_358,9.655123866832243,1.6302859115946782,10.311211330736944,28.94587240184395
RCPTESTLORENZ_359,9.607658543249793,2.5472370596306186,9.655123866832243,28.334629660522303
RCPTESTLORENZ_360,9.164731826283449,3.1300753199643436,9.607658543249793,27.605175397880448
RCPTESTLORENZ_361,9.09487733728355,3.808696985382115,9.164731826283449,26.726628901167008
RCPTESTLORENZ_362,9.092584906431997,4.789245235642329,9.09487733728355,26.509852970692425
RCPTESTLORENZ_363,9.660522825317809,5.286158721983341,9.092584906431997,26.505827090915254
RCPTESTLORENZ_364,10.070466187205863,5.638768875003935,9.660522825317809,26.278443569781402
RCPTESTLORENZ_365,10.290325194579676,5.521035631302355,10.070466187205863,26.190493979937838
RCPTESTLORENZ_366,10.252252121150573,5.95824048657258,10.290325194579676,26.107877746677495
RCPTESTLORENZ_367,10.186516758388713,6.420248318587884,10.252252121150573,26.100388930227897
RCPTESTLORENZ_368,10.658570247788287,6.96367577995163,10.186516758388713,26.32591976356663
RCPTESTLORENZ_369,10.458617005896745,7.491453639720359,10.658570247788287,26.451189162180842
RCPTESTLORENZ_370,10.722980943021767,7.688504031402842,10.458617005896745,26.772651263396934
RCPTESTLORENZ_371,10.772639313543971,8.126634272152856,10.722980943021767,26.973456140367155
RCPTESTLORENZ_372,10.749099563910368,8.473410905438712,10.772639313543971,26.883134763454255
RCPTESTLORENZ_373,11.163419574168932,8.525610388011394,10.749099563910368,26.882571868242533
RCPTESTLORENZ_374,11.127541641349035,8.849366452581261,11.163419574168932,27.127673694834215
RCPTESTLORENZ_375,10.753393391519161,9.213630418555411,11.127541641349035,27.63372376884141
RCPTESTLORENZ_376,10.501103839990982,9.681667315058045,10.753393391519161,28.105548755591006
RCPTESTLORENZ_377,10.15322900092091,9.451667607915725,10.501103839990982,28.05342683618129
RCPTESTLORENZ_378,9.916952347531176,9.69559809554441,10.15322900092091,28.23009602887284
RCPTESTLORENZ_379,9.573962621682524,9.728970005290888,9.916952347531176,28.327562694230846
RCPTESTLORENZ_380,9.060457473912933,9.819718389544137,9.573962621682524,28.671191702765082
RCPTESTLORENZ_381,8.85308078985481,9.980787736379133,9.060457473912933,28.963800114447317
RCPTESTLORENZ_382,8.87137163168306,9.839527509068967,8.85308078985481,28.974837609000996
RCPTESTLORENZ_383,8.916047482154285,9.946264975418023,8.87137163168306,29.017872978973664
RCPTESTLORENZ_384,8.658815703059902,9.788406869658614,8.916047482154285,29.099925407069666
RCPTESTLORENZ_385,8.591713551266336,9.452511953717632,8.658815703059902,29.148238161383716
RCPTESTLORENZ_386,7.7561306863726305,9.596722931482393,8.591713551266336,29.622548157509897
RCPTESTLORENZ_387,7.651174977266202,9.11588622868519,7.7561306863726305,29.589448056952264
RCPTESTLORENZ_388,7.3150509901812555,9.005114611878861,7.651174977266202,29.246074210713907
RCPTESTLORENZ_389,7.110091827195698,8.83166376155996,7.3150509901812555,28.81532235043114
RCPTESTLORENZ_390,6.608105380177854,8.672040122366365,7.110091827195698,28.203239179066667
RCPTESTLORENZ_391,6.724444601651123,8.380206267648967,6.608105380177854,27.62783200723896
RCPTESTLORENZ_392,6.980830581847288,8.255471925605752,6.724444601651123,27.602681929553587
RCPTESTLORENZ_393,6.807287425065508,7.936036039010035,6.980830581847288,27.856439858329257
RCPTESTLORENZ_394,6.7523179377082485,7.919916779918913,6.807287425065508,27.57715094995534
RCPTESTLORENZ_395,7.035632383264264,7.622790324019296,6.7523179377082485,27.372939538318626
RCPTESTLORENZ_396,6.941430012848926,7.808869480700653,7.035632383264264,26.362097396219614
RCPTESTLORENZ_397,6.960350042774403,8.105371429618867,6.941430012848926,26.47273835514799
RCPTESTLORENZ_398,7.015465929590403,8.158951315742438,6.960350042774403,26.641606564979842
RCPTESTLORENZ_399,7.218844610383494,8.02431130924777,7.015465929590403,26.61303143457978
RCPTESTLORENZ_400,7.095527931234324,7.550355893819209,7.218844610383494,26.44837819258466
RCPTESTLORENZ_401,7.178505024493835,7.207864686202251,7.095527931234324,26.063151099905795
RCPTESTLORENZ_402,7.155873209962427,7.123663548714491,7.178505024493835,25.70779160091906
RCPTESTLORENZ_403,6.850013070456669,7.294008535783072,7.155873209962427,25.249954236969998
RCPTESTLORENZ_404,7.310199053879897,7.7200649687032135,6.850013070456669,25.13146204153252
RCPTESTLORENZ_405,7.600283587136042,7.955448907229523,7.310199053879897,24.764117171740686
RCPTESTLORENZ_406,7.329533114620154,8.161226189903122,7.600283587136042,24.832359457158255
RCPTESTLORENZ_407,7.666196431660354,8.041950356144984,7.329533114620154,24.97273546848986
RCPTESTLORENZ_408,7.7680796476552905,7.760655976111476,7.666196431660354,24.884055709807964
RCPTESTLORENZ_409,7.639670203057844,7.863737238734147,7.7680796476552905,24.839927910373024
RCPTESTLORENZ_410,7.6038616454059085,7.534012860818764,7.639670203057844,24.76079683238335
RCPTESTLORENZ_411,7.711283331946194,7.595473277092508,7.6038616454059085,24.90498499625357
RCPTESTLORENZ_412,7.964413409605562,7.766709342051081,7.711283331946194,25.145708680188825
RCPTESTLORENZ_413,7.833326107931798,7.731302836104745,7.964413409605562,25.00244520514
RCPTESTLORENZ_414,7.9388811410984745,7.7732953909909535,7.833326107931798,25.031268771726598
RCPTESTLORENZ_415,8.173228434789193,7.997745477816082,7.9388811410984745,24.657666067085312
RCPTESTLORENZ_416,8.27268757805822,7.9712596474336745,8.173228434789193,24.65602395147733
RCPTESTLORENZ_417,8.35243429809814,8.057696333119504,8.27268757805822,24.905364777935926
RCPTESTLORENZ_418,8.751423582280834,8.24928106099615,8.35243429809814,24.884430234288384
RCPTESTLORENZ_419,8.924823754331118,8.47771904304518,8.751423582280834,24.881209489657085
RCPTESTLORENZ_420,9.388812363579996,8.4183257430259,8.924823754331118,25.119262274967596
RCPTESTLORENZ_421,9.07027337904667,8.545900533468334,9.388812363579996,25.21247570805943
RCPTESTLORENZ_422,9.366781808998553,8.820642583767432,9.07027337904667,25.25593492958807
RCPTESTLORENZ_423,9.451926631988217,8.430156948235464,9.366781808998553,25.080333302521545
RCPTESTLORENZ_424,9.283826130748428,8.64013920534087,9.451926631988217,24.891226600805993
RCPTESTLORENZ_425,9.6833368076965,8.491265830763375,9.283826130748428,25.265163546074337
RCPTESTLORENZ_426,9.818202364608902,8.912425173992132,9.6833368076965,25.346667065846816
RCPTESTLORENZ_427,10.37606614073075,8.845121078439963,9.818202364608902,25.288085814137062
RCPTESTLORENZ_428,10.59395858741341,9.416693831431369,10.37606614073075,25.35727544526642
RCPTESTLORENZ_429,10.92099788420513,9.480817798159931,10.59395858741341,25.49697291720567
RCPTESTLORENZ_430,11.178540261641492,9.407074326726784,10.92099788420513,26.444715729100302
RCPTESTLORENZ_431,10.970330046960882,9.730760476978421,11.178540261641492,26.559140209498683
RCPTESTLORENZ_432,11.196905528874805,9.977759682756684,10.970330046960882,26.90292833991657
RCPTESTLORENZ_433,11.289481759271208,10.229009844231651,11.196905528874805,27.581252863510198
RCPTESTLORENZ_434,11.45239008121292,10.666932455526599,11.289481759271208,28.532551622766817
RCPTESTLORENZ_435,11.264835895512029,10.90713302888892,11.45239008121292,28.81742015262861
RCPTESTLORENZ_436,11.176236372911408,10.627680885651202,11.264835895512029,29.07369526755625
RCPTESTLORENZ_437,11.572026635743713,11.077394129592319,11.176236372911408,29.36070587685199
RCPTESTLORENZ_438,11.48205085831142,11.049455773483084,11.572026635743713,29.916205144944694
RCPTESTLORENZ_439,11.319739161690476,11.36023356112909,11.48205085831142,30.216085297576765
RCPTESTLORENZ_440,11.274295162934735,11.019571610049056,11.319739161690476,30.3409310663914
RCPTESTLORENZ_441,10.686254504666723,11.037035783672628,11.274295162934735,30.737612600416387
RCPTESTLORENZ_442,10.53029594854218,11.263835244136411,10.686254504666723,30.754037749742434
RCPTESTLORENZ_443,9.881373682076415,11.420352693132617,10.53029594854218,31.36110412066039
RCPTESTLORENZ_444,9.44929283026807,11.421535489426846,9.881373682076415,31.574871073022678
RCPTESTLORENZ_445,9.303315866057401,11.518340324618842,9.44929283026807,31.93131117613748
RCPTESTLORENZ_446,8.450084269273573,11.070185405055533,9.303315866057401,32.033466423877826
RCPTESTLORENZ_447,7.875866364922101,10.500139406511686,8.450084269273573,32.42323556731641
RCPTESTLORENZ_448,7.251711918855821,10.471907618098088,7.875866364922101,32.482088401884795
RCPTESTLORENZ_449,6.627024206695606,10.620599792090072,7.251711918855821,32.44932481159445
RCPTESTLORENZ_450,6.2532957494410395,10.169243272491043,6.627024206695606,32.48239186188713
RCPTESTLORENZ_451,5.3619842487328535,9.936578815103735,6.2532957494410395,32.507982406016346
RCPTESTLORENZ_452,4.511718633715178,9.814039171142655,5.3619842487328535,32.83888825949262
RCPTESTLORENZ_453,4.149158433929715,9.292261178007635,4.511718633715178,32.117988271474374
RCPTESTLORENZ_454,3.8462617740961242,9.001006990517157,4.149158433929715,30.990100569220264
RCPTESTLORENZ_455,3.570347978742728,8.398934781216012,3.8462617740961242,30.56918092576152
RCPTESTLORENZ_456,2.989371259757525,8.381851041027858,3.570347978742728,29.82354133606777
RCPTESTLORENZ_457,2.9617685082866845,7.526435033607177,2.989371259757525,29.332679986920027
RCPTESTLORENZ_458,2.8750521692843947,6.962549127825319,2.9617685082866845,29.215441254504878
RCPTESTLORENZ_459,3.2186648457004243,6.826206720944596,2.8750521692843947,28.862339967769028
RCPTESTLORENZ_460,3.412296438419948,6.2236162390746195,3.2186648457004243,28.56702863357528
RCPTESTLORENZ_461,3.510436412377106,5.264865652728753,3.412296438419948,27.90902866966454
RCPTESTLORENZ_462,3.452015784089704,4.799233223115775,3.510436412377106,27.710946406819357
RCPTESTLORENZ_463,3.15793738718476,4.642297342582436,3.452015784089704,27.312541189161017
RCPTESTLORENZ_464,3.033476815880868,4.787865869492131,3.15793738718476,26.865423148921412
RCPTESTLORENZ_465,3.3352120075259224,5.207080881515363,3.033476815880868,26.399127930094334
RCPTESTLORENZ_466,3.712621219693367,4.831961819567352,3.3352120075259224,25.898223764570403
RCPTESTLORENZ_467,4.018128258863446,4.809595276991292,3.712621219693367,25.615573370966956
RCPTESTLORENZ_468,4.029393236276428,5.143835553101514,4.018128258863446,25.492263554079273
RCPTESTLORENZ_469,3.9103063382072634,4.927132408264701,4.029393236276428,24.912607173113937
RCPTESTLORENZ_470,3.5898284017623405,4.6844448509749546,3.9103063382072634,24.313566043044883
RCPTESTLORENZ_471,3.454963298040887,4.6454252922813986,3.5898284017623405,23.94064905274309
RCPTESTLORENZ_472,4.235962785098135,4.602050248596673,3.454963298040887,23.331074969818193
RCPTESTLORENZ_473,4.442277256324285,4.472872491575895,4.235962785098135,22.762650386390238
RCPTESTLORENZ_474,4.5628719479676825,4.33598298341233,4.442277256324285,22.488770079813392
RCPTESTLORENZ_475,4.71418531302385,4.261034982398714,4.5628719479676825,22.105726365469692
RCPTESTLORENZ_476,4.8655662519670475,4.618999280302227,4.71418531302385,21.93848210265887
RCPTESTLORENZ_477,4.733466370055267,4.690915029292027,4.8655662519670475,21.702183902087228
RCPTESTLORENZ_478,5.05123623595397,4.9835913144819415,4.733466370055267,21.24206158275138
RCPTESTLORENZ_479,5.439558409687032,5.542143922616711,5.05123623595397,20.922208751794532
RCPTESTLORENZ_480,5.955550634041983,5.3160731562845775,5.439558409687032,20.810796409212738
RCPTESTLORENZ_481,6.197419306454822,5.114541440442031,5.955550634041983,20.32574592456761
RCPTESTLORENZ_482,6.877764209295641,5.301614128793044,6.197419306454822,20.3035431643653
RCPTESTLORENZ_483,7.239837995992487,5.090184561695026,6.877764209295641,20.020154592057366
RCPTESTLORENZ_484,7.516316287829717,6.031104260821498,7.239837995992487,20.483343876367023
RCPTESTLORENZ_485,8.024704590472371,6.737261188710757,7.516316287829717,20.20305567700296
RCPTESTLORENZ_486,8.700771678544506,7.044219033920907,8.024704590472371,20.31332378576024
RCPTESTLORENZ_487,9.18313143843259,6.919897658850505,8.700771678544506,20.798754636256984
RCPTESTLORENZ_488,9.887850024545227,7.274895816157792,9.18313143843259,21.15050220432433
RCPTESTLORENZ_489,10.248962935292049,7.396453705940579,9.887850024545227,21.119117189675848
RCPTESTLORENZ_490,10.63985370587114,7.7026127835415155,10.248962935292049,21.37776582900542
RCPTESTLORENZ_491,11.025410335187825,7.8144787911348965,10.63985370587114,21.528930114939232
RCPTESTLORENZ_492,11.463608604994278,7.707387698114012,11.025410335187825,21.74930510231061
RCPTESTLORENZ_493,12.016401823012167,8.002895148115721,11.463608604994278,22.260086335446193
RCPTESTLORENZ_494,12.292528273048307,8.215047561865445,12.016401823012167,22.513504263593173
RCPTESTLORENZ_495,12.762412178680083,8.889375214450643,12.292528273048307,23.07836755662185
RCPTESTLORENZ_496,13.320022547992648,9.859637292160249,12.762412178680083,23.345627721711217
RCPTESTLORENZ_497,13.843782765103112,10.679155502616956,13.320022547992648,24.029218666846596
RCPTESTLORENZ_498,13.553209527255508,10.897114809612637,13.843782765103112,24.8329460026195
RCPTESTLORENZ_499,14.377201247713431,11.244932891170544,13.553209527255508,25.856470687118684
RCPTESTLORENZ_500,14.194680536899131,11.535747070642593,14.377201247713431,26.62997825305737
RCPTESTLORENZ_501,14.20423489883063,11.860604122731035,14.194680536899131,27.669083079762988
RCPTESTLORENZ_502,14.203812652211614,12.072005565615282,14.20423489883063,28.6211039935128
RCPTESTLORENZ_503,13.588486945687253,12.33285555164493,14.203812652211614,29.608343995116233
RCPTESTLORENZ_504,13.57218071609362,13.053468881266113,13.588486945687253,30.44191931859931
RCPTESTLORENZ_505,13.095686485913305,13.124788914919046,13.57218071609362,31.26602672281001
RCPTESTLORENZ_506,12.62217330149236,13.42020417423061,13.095686485913305,32.520168429254994
RCPTESTLORENZ_507,11.956892808551226,13.213542296498092,12.62217330149236,33.46528344189903
RCPTESTLORENZ_508,10.792573593854158,13.106783808868405,11.956892808551226,34.44277624405463
RCPTESTLORENZ_509,9.792119977872725,13.132475589415392,10.792573593854158,34.848635452555065
RCPTESTLORENZ_510,9.113747620192449,12.71358159104741,9.792119977872725,35.522088651438295
RCPTESTLORENZ_511,8.021994345376216,12.211973573955518,9.113747620192449,35.61954943822901
RCPTESTLORENZ_512,7.072085059387415,11.79403663775463,8.021994345376216,35.75502144242219
RCPTESTLORENZ_513,6.089828771988328,11.389980872551506,7.072085059387415,35.89008775783926
RCPTESTLORENZ_514,5.721551030464836,10.840777189222841,6.089828771988328,35.86123261115741
RCPTESTLORENZ_515,4.968692370342802,10.00366834599328,5.721551030464836,35.54875178513946
RCPTESTLORENZ_516,4.072592463464291,9.807308701187132,4.968692370342802,35.251525888917925
RCPTESTLORENZ_517,3.4275397382989152,8.960249083121152,4.072592463464291,35.02148412771192
RCPTESTLORENZ_518,2.956245728296267,8.004873366531234,3.4275397382989152,34.605894385891524
RCPTESTLORENZ_519,2.6154652817999713,7.44881391073467,2.956245728296267,34.05172849247211
RCPTESTLORENZ_520,2.1614668132853523,6.991225768505399,2.6154652817999713,33.51954521261498
RCPTESTLORENZ_521,1.3999984597134263,6.633006307226684,2.1614668132853523,32.84870537604228
RCPTESTLORENZ_522,1.4527867554049294,6.289491469818144,1.3999984597134263,32.02426663391782
RCPTESTLORENZ_523,1.4179655093267645,5.7910223166260515,1.4527867554049294,30.832905112591806
RCPTESTLORENZ_524,1.3432134250242453,5.1494400778673155,1.4179655093267645,30.368692889319576
RCPTESTLORENZ_525,1.8899263676018498,4.5449782749853345,1.3432134250242453,29.690992470536887
RCPTESTLORENZ_526,1.3612324512651035,4.182514665567022,1.8899263676018498,29.32103217903634
RCPTESTLORENZ_527,1.4719124931508225,3.878034936453336,1.3612324512651035,28.665269871174367
RCPTESTLORENZ_528,1.63707288792822,3.4141756604223454,1.4719124931508225,28.23828198844396
RCPTESTLORENZ_529,1.869499774902121,3.30674098782368,1.63707288792822,27.441993065066395
RCPTESTLORENZ_530,1.784727028879895,2.967997314993477,1.869499774902121,26.46440240887136
RCPTESTLORENZ_531,1.8264919592588615,3.4059404641459987,1.784727028879895,26.025403971807147
RCPTESTLORENZ_532,1.8661042842559128,3.5621109850302686,1.8264919592588615,25.601607376755922
RCPTESTLORENZ_533,1.8121493655961118,3.70053140894007,1.8661042842559128,25.152015567152755
RCPTESTLORENZ_534,1.6649085022896362,3.5796815634508294,1.8121493655961118,24.511762909039692
RCPTESTLORENZ_535,1.6028201502022121,3.335850301776831,1.6649085022896362,23.986771783836126
RCPTESTLORENZ_536,1.4484995190012462,3.228683421075861,1.6028201502022121,23.654824822528408
RCPTESTLORENZ_537,1.4332255941436516,2.770562417561697,1.4484995190012462,23.481168655348686
RCPTESTLORENZ_538,1.0732923381962143,2.7454860109489454,1.4332255941436516,22.890480753201846
RCPTESTLORENZ_539,1.0720081672702824,2.8874648963668745,1.0732923381962143,22.197069227946333
RCPTESTLORENZ_540,1.1059036374738966,2.8281201333222907,1.0720081672702824,21.048258264902806
RCPTESTLORENZ_541,1.2307295565023146,2.8759729210291844,1.1059036374738966,20.430259098468262
RCPTESTLORENZ_542,1.3327787706852765,2.531390892638588,1.2307295565023146,19.713680324520645
RCPTESTLORENZ_543,1.5472458272373841,3.016893324782882,1.3327787706852765,19.021442649673318
RCPTESTLORENZ_544,1.6140061503151326,2.653197454613787,1.5472458272373841,18.98133760882072
RCPTESTLORENZ_545,2.198168480313457,2.3213154143500754,1.6140061503151326,18.64149575841156
RCPTESTLORENZ_546,2.7757951805226564,1.5189626648709973,2.198168480313457,18.11357305873115
RCPTESTLORENZ_547,2.6529743842151445,1.5464651487567627,2.7757951805226564,17.250607313556202
RCPTESTLORENZ_548,2.9811563306123836,1.7890371269825185,2.6529743842151445,16.5359857784645
RCPTESTLORENZ_549,3.138954165453706,1.9486840577563103,2.9811563306123836,16.231195039877964
RCPTESTLORENZ_550,3.59607995772977,2.052816860852069,3.138954165453706,15.794464831225978
RCPTESTLORENZ_551,4.077044645226676,2.6019471114582378,3.59607995772977,15.386773733953502
RCPTESTLORENZ_552,4.706667897642352,2.094613829896523,4.077044645226676,15.320523060009151
RCPTESTLORENZ_553,5.158075292122027,2.2361407555638073,4.706667897642352,14.756903457309487
RCPTESTLORENZ_554,5.336556480953085,2.7947843181255867,5.158075292122027,15.154766866586636
RCPTESTLORENZ_555,5.839082206572174,2.834097952674838,5.336556480953085,14.916192673829263
RCPTESTLORENZ_556,6.325562662255698,3.4968555732398117,5.839082206572174,14.838707383695596
RCPTESTLORENZ_557,7.182091717745728,3.5652384778741326,6.325562662255698,14.67822475551354
RCPTESTLORENZ_558,7.636419615942962,3.996205833237358,7.182091717745728,14.336501517153078
RCPTESTLORENZ_559,8.257493985770667,3.877088605636783,7.636419615942962,14.092636847760618
RCPTESTLORENZ_560,8.69315857207227,4.097423174050827,8.257493985770667,13.761588206398086
RCPTESTLORENZ_561,9.506585781955597,5.152253757571452,8.69315857207227,13.784154894257965
RCPTESTLORENZ_562,10.300793505750187,5.328824804315539,9.506585781955597,13.81490511435759
RCPTESTLORENZ_563,10.877922154419656,6.070873967668162,10.300793505750187,13.635909863990081
RCPTESTLORENZ_564,11.435361809104014,6.566130617562987,10.877922154419656,14.275210766956983
RCPTESTLORENZ_565,12.440354029660396,7.397171739767571,11.435361809104014,14.30625107171865
RCPTESTLORENZ_566,13.410724043303427,7.673052120871215,12.440354029660396,14.052147855864687
RCPTESTLORENZ_567,14.698289095698826,7.95913846793246,13.410724043303427,14.264612211425549
RCPTESTLORENZ_568,15.498730700026476,8.721600782012665,14.698289095698826,14.802865224743906
RCPTESTLORENZ_569,16.619710545251994,9.333622676353434,15.498730700026476,15.629426971781553
RCPTESTLORENZ_570,17.52314233506044,10.361347514843017,16.619710545251994,16.963501639277514
RCPTESTLORENZ_571,18.414626471081604,10.97364794174193,17.52314233506044,18.07989366758691
RCPTESTLORENZ_572,19.134041138424525,11.284891286181399,18.414626471081604,19.679556314387828
RCPTESTLORENZ_573,19.612870404508925,12.165655700053597,19.134041138424525,21.221369828443734
RCPTESTLORENZ_574,20.246978894604307,13.088125434421428,19.612870404508925,23.07683052428794
RCPTESTLORENZ_575,20.490077618346856,13.663506812286329,20.246978894604307,24.913513224060505
RCPTESTLORENZ_576,20.738415921703144,14.217600290450816,20.490077618346856,27.18677451875059
RCPTESTLORENZ_577,20.202756233841754,14.641098247243558,20.738415921703144,29.250602631923194
RCPTESTLORENZ_578,19.698400989984744,15.49199923908153,20.202756233841754,31.350412810337918
RCPTESTLORENZ_579,18.583626705988387,15.910784153584464,19.698400989984744,33.771108650393984
RCPTESTLORENZ_580,17.444384625402705,16.306467312611957,18.583626705988387,36.174783250212116
RCPTESTLORENZ_581,15.67440594587371,16.78307223424284,17.444384625402705,38.32156252984949
RCPTESTLORENZ_582,13.196283571460654,17.10271546066765,15.67440594587371,40.206813257917965
RCPTESTLORENZ_583,11.02343693099248,17.31069649065774,13.196283571460654,41.65450111028098
RCPTESTLORENZ_584,8.139471774758707,17.124821768909595,11.02343693099248,43.010621225322915
RCPTESTLORENZ_585,5.484275485444729,16.63799849000427,8.139471774758707,43.577099264688066
RCPTESTLORENZ_586,3.3508830710737394,16.290858508983693,5.484275485444729,44.123794236500466
RCPTESTLORENZ_587,0.7628855623739024,15.256415893579542,3.3508830710737394,43.86324902434441
RCPTESTLORENZ_588,-1.320894755266989,13.871708825348977,0.7628855623739024,43.096549155025144
RCPTESTLORENZ_589,-3.4311222266804084,12.648711078697895,-1.320894755266989,42.4715973214165
RCPTESTLORENZ_590,-4.508626278927479,11.010885450549104,-3.4311222266804084,41.28620989799755
RCPTESTLORENZ_591,-5.455790210322337,9.643864680672007,-4.508626278927479,39.79959418259284
RCPTESTLORENZ_592,-5.997674388390827,8.315870631950522,-5.455790210322337,38.11371219103827
RCPTESTLORENZ_593,-6.525818288413265,6.6772095988865345,-5.997674388390827,36.76884160907888
RCPTESTLORENZ_594,-7.336737594684702,5.770040756602054,-6.525818288413265,35.45756533318725
RCPTESTLORENZ_595,-7.839576958411128,4.274662820875209,-7.336737594684702,33.945124719950435
RCPTESTLORENZ_596,-7.888770639681715,3.5619146136621143,-7.839576958411128,32.63547566840151
RCPTESTLORENZ_597,-7.898027681553785,2.7211357238921727,-7.888770639681715,31.500165852963743
RCPTESTLORENZ_598,-8.083382860217014,1.5582711697488527,-7.898027681553785,30.481771868512674
RCPTESTLORENZ_599,-7.975629722141699,0.5691555670471584,-8.083382860217014,29.54117257498699
RCPTESTLORENZ_600,7.346564286172106,10.160279952649354,7.244011567041291,22.444724212444847
RCPTESTLORENZ_601,8.3149191777168,10.32047287603929,7.346564286172106,22.52672497340521
RCPTESTLORENZ_602,8.72983614077734,10.141465740909439,8.3149191777168,22.399764746667962
RCPTESTLORENZ_603,9.306690674691158,9.68831234739231,8.72983614077734,22.592216177007966
RCPTESTLORENZ_604,9.725850792622497,9.81757956294342,9.306690674691158,22.67532634179903
RCPTESTLORENZ_605,10.484349745203698,9.903883981517977,9.725850792622497,22.594219081328845
RCPTESTLORENZ_606,10.64768722076287,9.553086779496219,10.484349745203698,22.713834500955155
RCPTESTLORENZ_607,11.226793883664858,9.447760845058207,10.64768722076287,22.650120105496832
RCPTESTLORENZ_608,11.354866708458166,9.733485296744764,11.226793883664858,22.90179353402
RCPTESTLORENZ_609,11.585764330684754,9.779583586535196,11.354866708458166,23.279581026494597
RCPTESTLORENZ_610,12.081504521779404,9.620818261902642,11.585764330684754,23.582264475564575
RCPTESTLORENZ_611,12.01791457638978,9.925768282790072,12.081504521779404,23.691333419296388
RCPTESTLORENZ_612,12.13379921720918,9.723111798332342,12.01791457638978,24.31989714432553
RCPTESTLORENZ_613,12.317315893877922,9.784886696148574,12.13379921720918,25.002128705216077
RCPTESTLORENZ_614,12.665233720193179,9.509964595821662,12.317315893877922,25.62324805360641
RCPTESTLORENZ_615,12.553181832019948,10.012187061690005,12.665233720193179,26.01883433176745
RCPTESTLORENZ_616,12.524919083559777,9.99856762260425,12.553181832019948,26.016944778841193
RCPTESTLORENZ_617,12.559477880932619,10.356295707224856,12.524919083559777,26.882197468204932
RCPTESTLORENZ_618,12.575203301880126,10.231763340710192,12.559477880932619,27.527499351431906
RCPTESTLORENZ_619,12.577110747181878,10.53939003314389,12.575203301880126,27.388186800151527
RCPTESTLORENZ_620,12.334252213794036,11.064209627799833,12.577110747181878,27.749064274505624
RCPTESTLORENZ_621,12.4360947939776,11.199719617727265,12.334252213794036,28.502794938293064
RCPTESTLORENZ_622,12.16601280134331,11.616238360497869,12.4360947939776,29.309608793371538
RCPTESTLORENZ_623,11.998731736245535,11.705752475055302,12.16601280134331,30.049004290695947
RCPTESTLORENZ_624,11.66522316834257,11.26579957251286,11.998731736245535,30.767487310594685
RCPTESTLORENZ_625,10.98956875412987,10.842137612092111,11.66522316834257,31.21158347179397
RCPTESTLORENZ_626,10.550358072184794,11.152798274995883,10.98956875412987,31.554529571473527
RCPTESTLORENZ_627,10.160012684987992,11.043205820354736,10.550358072184794,31.83146870610854
RCPTESTLORENZ_628,9.525021948947591,11.241723532449022,10.160012684987992,32.53242453220355
RCPTESTLORENZ_629,8.821776026510415,10.959412436869087,9.525021948947591,32.9166573016045
RCPTESTLORENZ_630,8.432317789373121,10.654525136105176,8.821776026510415,32.85020788318665
RCPTESTLORENZ_631,8.119888472969926,10.338723044821014,8.432317789373121,33.18199592508755
RCPTESTLORENZ_632,6.829894544891841,9.96078544916458,8.119888472969926,33.27785743384969
RCPTESTLORENZ_633,5.90211586294582,9.856217648318154,6.829894544891841,32.917998235403815
RCPTESTLORENZ_634,5.619685715109127,9.636345234513971,5.90211586294582,32.669046302230846
RCPTESTLORENZ_635,4.8351697504952345,9.027092452470079,5.619685715109127,32.46111166067874
RCPTESTLORENZ_636,4.525424002907778,8.685620386015481,4.8351697504952345,31.831765450653343
RCPTESTLORENZ_637,4.576138793593008,8.085365641827163,4.525424002907778,31.38297075020098
RCPTESTLORENZ_638,3.9090269957976904,7.778738819613586,4.576138793593008,31.170810550754403
RCPTESTLORENZ_639,3.5870754708796446,7.293967397759839,3.9090269957976904,30.46443197861693
RCPTESTLORENZ_640,3.3394030983393574,7.156986577792416,3.5870754708796446,30.09343722757577
RCPTESTLORENZ_641,2.7635048603633128,6.930394815942463,3.3394030983393574,29.398016279482206
RCPTESTLORENZ_642,2.6138333225104646,6.570801108414633,2.7635048603633128,28.684975550682637
RCPTESTLORENZ_643,2.6012356217206447,5.843225129836556,2.6138333225104646,28.011327855839692
RCPTESTLORENZ_644,2.229974217236968,5.034500006267005,2.6012356217206447,27.922823591149744
RCPTESTLORENZ_645,2.227238925721002,4.2052822785615005,2.229974217236968,27.25371136725489
RCPTESTLORENZ_646,1.711462967337595,3.9875148977436146,2.227238925721002,26.760415961884206
RCPTESTLORENZ_647,2.0177495381097312,3.9388097222557015,1.711462967337595,26.64766746134797
RCPTESTLORENZ_648,1.7027666622999944,3.185547275523881,2.0177495381097312,26.133697571760244
RCPTESTLORENZ_649,1.8442324425869072,3.364221004968055,1.7027666622999944,25.257298443306965
RCPTESTLORENZ_650,1.581460808633087,3.0944322607989783,1.8442324425869072,24.398473418086933
RCPTESTLORENZ_651,1.753835048265851,3.015954458575763,1.581460808633087,23.83081566273299
RCPTESTLORENZ_652,1.722905016540923,2.9971853418474286,1.753835048265851,22.792009018751962
RCPTESTLORENZ_653,1.8579849236052715,3.352614605980796,1.722905016540923,21.837464233378473
RCPTESTLORENZ_654,2.4026263418268017,3.4754955999731125,1.8579849236052715,21.282658760294588
RCPTESTLORENZ_655,2.8346794909052866,3.4117755913261716,2.4026263418268017,20.98694994229312
RCPTESTLORENZ_656,3.287718594178699,3.2982062975123236,2.8346794909052866,20.86567300983014
RCPTESTLORENZ_657,3.1147463466565863,3.2779008275622292,3.287718594178699,20.852778329181042
RCPTESTLORENZ_658,2.9892513852208014,3.7552313877453756,3.1147463466565863,20.67870963861679
RCPTESTLORENZ_659,3.263962573256651,3.9545716022217507,2.9892513852208014,20.182070238702753
RCPTESTLORENZ_660,2.95325117626177,3.603894975598734,3.263962573256651,19.45478370070333
RCPTESTLORENZ_661,3.0191996216637715,3.4153557188058548,2.95325117626177,19.217860310890504
RCPTESTLORENZ_662,2.9457513210931863,3.062976902523897,3.0191996216637715,18.91358569404809
RCPTESTLORENZ_663,3.5687887552524433,2.9925131359831996,2.9457513210931863,18.242621057104348
RCPTESTLORENZ_664,3.600151640775694,2.9953404662263936,3.5687887552524433,18.224488594321446
RCPTESTLORENZ_665,3.634612208026222,2.727087568549389,3.600151640775694,17.99244570492381
RCPTESTLORENZ_666,3.883933067464141,2.69630931251628,3.634612208026222,17.63008980751283
RCPTESTLORENZ_667,4.347936641064239,2.890026919474424,3.883933067464141,16.988856314724952
RCPTESTLORENZ_668,4.603238638152414,3.022337910558921,4.347936641064239,16.676122907256698
RCPTESTLORENZ_669,4.440312027686167,3.509307273262399,4.603238638152414,16.7539003362665
RCPTESTLORENZ_670,4.97142962115663,3.5261265137276077,4.440312027686167,16.363318989720952
RCPTESTLORENZ_671,5.099501626002377,3.6754542990726335,4.97142962115663,16.199030941458624
RCPTESTLORENZ_672,5.47320717959856,3.871886647527028,5.099501626002377,16.051727806128522
RCPTESTLORENZ_673,6.193910119177108,4.034561324152181,5.47320717959856,15.730764291219794
RCPTESTLORENZ_674,6.7307416556776705,4.147076856180762,6.193910119177108,15.38360328890459
RCPTESTLORENZ_675,7.49888267525025,4.4338871366925465,6.7307416556776705,15.420127140072374
RCPTESTLORENZ_676,8.386030830143786,4.536405347743865,7.49888267525025,15.47108868758065
RCPTESTLORENZ_677,9.149859770605582,4.982638740051652,8.386030830143786,15.60098141828776
RCPTESTLORENZ_678,9.29120980263686,5.226022583161576,9.149859770605582,15.971547630474035
RCPTESTLORENZ_679,10.21681260977405,5.421832662567715,9.29120980263686,15.876671017998683
RCPTESTLORENZ_680,10.573806938731508,5.551715342709479,10.21681260977405,16.013370195632316
RCPTESTLORENZ_681,11.333535616073315,6.177439628758487,10.573806938731508,15.686223542006456
RCPTESTLORENZ_682,12.556403987698923,6.771436228728594,11.333535616073315,15.836624769977268
RCPTESTLORENZ_683,13.296279826548714,7.233914112960465,12.556403987698923,16.133979575543925
RCPTESTLORENZ_684,14.16979527332034,7.751264047627331,13.296279826548714,16.749360031030825
RCPTESTLORENZ_685,14.966528549259605,8.11447740509794,14.16979527332034,17.36392674919186
RCPTESTLORENZ_686,15.651932364413632,8.540017115754996,14.966528549259605,17.997402247330154
RCPTESTLORENZ_687,16.6143987226565,9.142540145409605,15.651932364413632,18.831796083837045
RCPTESTLORENZ_688,17.091435256236295,10.1512121659093,16.6143987226565,19.702903336756236
RCPTESTLORENZ_689,17.836421881276102,10.619245124862402,17.091435256236295,21.241689895293675
RCPTESTLORENZ_690,18.136683536636948,11.645668209628102,17.836421881276102,22.883702933565257
RCPTESTLORENZ_691,18.179186864993078,12.251125440041616,18.136683536636948,24.228227229648006
RCPTESTLORENZ_692,18.14767043378716,12.786646603129439,18.179186864993078,25.941619668820376
RCPTESTLORENZ_693,18.128661183284898,13.260991868284348,18.14767043378716,27.41287012814536
RCPTESTLORENZ_694,17.5910359544453,14.194820738610131,18.128661183284898,28.95479253805049
RCPTESTLORENZ_695,16.458192496271636,14.531091690662807,17.5910359544453,30.435570776725363
RCPTESTLORENZ_696,15.828231396695106,14.992160406664125,16.458192496271636,32.346192011439534
RCPTESTLORENZ_697,14.724662112531252,15.097571804843051,15.828231396695106,34.012435388684416
RCPTESTLORENZ_698,13.406242142287592,15.539843594250005,14.724662112531252,35.247211201752364
RCPTESTLORENZ_699,11.726191075438956,15.603686254040397,13.406242142287592,36.36102499009952
RCPTESTLORENZ_700,10.335648357643853,15.34391677240547,11.726191075438956,37.354113196166956
RCPTESTLORENZ_701,8.636592850792205,15.213918524215423,10.335648357643853,38.215587321430306
RCPTESTLORENZ_702,6.965235258065465,14.777105264147142,8.636592850792205,38.71595740180465
RCPTESTLORENZ_703,5.715760526375246,14.03776336476629,6.965235258065465,38.64389446418862
RCPTESTLORENZ_704,4.1949464628149595,12.944864050280055,5.715760526375246,38.60333159075337
RCPTESTLORENZ_705,2.2710876361963694,12.250772282729065,4.1949464628149595,38.54771239816529
RCPTESTLORENZ_706,0.6547866320835913,12.02328707344627,2.2710876361963694,38.30291606658321
RCPTESTLORENZ_707,-0.30323405483155425,10.773734570798386,0.6547866320835913,37.496783296199304
RCPTESTLORENZ_708,-0.8429814146579362,9.8546367275624,-0.30323405483155425,36.81969269370868
RCPTESTLORENZ_709,-1.475044773545032,8.55763589249642,-0.8429814146579362,36.34081579570562
RCPTESTLORENZ_710,-1.9614312688210587,7.773368216809422,-1.475044773545032,35.84930604207064
RCPTESTLORENZ_711,-2.3989929412769224,6.465518547046356,-1.9614312688210587,34.558987266638674
RCPTESTLORENZ_712,-2.54586461275149,5.411949607920709,-2.3989929412769224,33.44500238583808
RCPTESTLORENZ_713,-2.824662144304066,5.203216397955847,-2.54586461275149,32.436954363528095
RCPTESTLORENZ_714,-2.925658643539862,4.295371948542325,-2.824662144304066,31.28146943936816
RCPTESTLORENZ_715,-3.271576268138876,3.9173383166096394,-2.925658643539862,30.562536561746487
RCPTESTLORENZ_716,-2.641873023587629,2.8756789442716415,-3.271576268138876,29.87363387294835
RCPTESTLORENZ_717,-3.048374727212009,2.150207836703794,-2.641873023587629,28.94932614183755
RCPTESTLORENZ_718,-2.6748681206241214,1.2725574594923612,-3.048374727212009,28.176516945362636
RCPTESTLORENZ_719,-2.3221943185113756,0.6077122571867309,-2.6748681206241214,27.24039407466558
RCPTESTLORENZ_720,-2.40274916622502,0.08040949020754212,-2.3221943185113756,26.119240836368295
RCPTESTLORENZ_721,-2.346549297329522,-0.2587845395810087,-2.40274916622502,25.449442935017185
RCPTESTLORENZ_722,-2.083071693626273,-1.2409883082539093,-2.346549297329522,24.677636759960276
RCPTESTLORENZ_723,-2.242886338542633,-1.2154608563089955,-2.083071693626273,24.296701917595687
RCPTESTLORENZ_724,-2.588097408398869,-1.6606931439395787,-2.242886338542633,23.638088725458186
RCPTESTLORENZ_725,-3.021639689199206,-2.3214636954087884,-2.588097408398869,23.08014731336208
RCPTESTLORENZ_726,-3.0248415266868482,-2.5639333761396745,-3.021639689199206,22.520880136650998
RCPTESTLORENZ_727,-3.366320107714769,-2.2302126136007483,-3.0248415266868482,22.258354272267233
RCPTESTLORENZ_728,-3.34863540944872,-2.0101002453762233,-3.366320107714769,21.435783330593285
RCPTESTLORENZ_729,-3.6206330173619987,-2.314219919300981,-3.34863540944872,21.113618931579428
RCPTESTLORENZ_730,-3.9236140102032335,-2.0925150708766016,-3.6206330173619987,20.55012992063877
RCPTESTLORENZ_731,-3.683802462581185,-1.7314665204906317,-3.9236140102032335,19.575970266553863
RCPTESTLORENZ_732,-3.7182245325148435,-2.02268585919408,-3.683802462581185,19.413224613925454
RCPTESTLORENZ_733,-3.802226646549013,-2.4933429363580886,-3.7182245325148435,19.28338971985424
RCPTESTLORENZ_734,-4.2963664834644035,-2.4250358467549846,-3.802226646549013,19.12049405653802
RCPTESTLORENZ_735,-4.380056230121036,-2.456555818583752,-4.2963664834644035,18.899214882255528
RCPTESTLORENZ_736,-4.977127586521753,-2.843871946810215,-4.380056230121036,18.69560806551736
RCPTESTLORENZ_737,-5.399256408347383,-3.031709262591902,-4.977127586521753,18.181408797190713
RCPTESTLORENZ_738,-5.304531767497407,-3.458636527905549,-5.399256408347383,17.7643356137489
RCPTESTLORENZ_739,-6.2295123045541905,-3.559650686562245,-5.304531767497407,17.273575371098463
RCPTESTLORENZ_740,-6.809341852483862,-3.4107322827087163,-6.2295123045541905,17.201435220183782
RCPTESTLORENZ_741,-7.01760006361052,-4.183926209749689,-6.809341852483862,16.868946561084805
RCPTESTLORENZ_742,-7.572023961878193,-4.688040279003935,-7.01760006361052,16.946261874925394
RCPTESTLORENZ_743,-8.428653498024543,-4.797457721651951,-7.572023961878193,16.30457566539313
RCPTESTLORENZ_744,-8.920854616597158,-4.98284711432951,-8.428653498024543,16.499664467820885
RCPTESTLORENZ_745,-9.32995480818879,-5.264956344767782,-8.920854616597158,16.903767555948345
RCPTESTLORENZ_746,-9.944283314109516,-5.872562290139453,-9.32995480818879,16.4461882372049
RCPTESTLORENZ_747,-10.613181568457575,-6.501004810206275,-9.944283314109516,16.711389074557406
RCPTESTLORENZ_748,-11.41440333001035,-6.721959829318812,-10.613181568457575,17.070174292977466
RCPTESTLORENZ_749,-12.26195311064584,-7.149064252719125,-11.41440333001035,17.189383252848973
RCPTESTLORENZ_750,-13.452957384994479,-7.508687415848307,-12.26195311064584,17.630514576907853
RCPTESTLORENZ_751,-14.20369332974756,-8.445548444702704,-13.452957384994479,17.76667896156418
RCPTESTLORENZ_752,-14.846023095881256,-8.626832434629662,-14.20369332974756,18.708138911255958
RCPTESTLORENZ_753,-15.107956326201913,-9.019707501957392,-14.846023095881256,19.599752965849206
RCPTESTLORENZ_754,-15.517634392316427,-9.98350945316666,-15.107956326201913,20.5855809246135
RCPTESTLORENZ_755,-16.295522854981318,-10.782062430121082,-15.517634392316427,21.715814166475482
RCPTESTLORENZ_756,-16.814755314741728,-11.686240748574853,-16.295522854981318,23.070543276966596
RCPTESTLORENZ_757,-17.381174551962257,-12.39061285295077,-16.814755314741728,24.260145715892396
RCPTESTLORENZ_758,-17.44800130657555,-13.199758240458529,-17.381174551962257,26.181817083863933
RCPTESTLORENZ_759,-17.24785043199868,-13.521386770787784,-17.44800130657555,28.024604840081683
RCPTESTLORENZ_760,-16.962793266715625,-13.794892799090944,-17.24785043199868,29.86659343874049
RCPTESTLORENZ_761,-16.241922291457747,-13.754789726541421,-16.962793266715625,31.32346978936774
RCPTESTLORENZ_762,-15.545111602211874,-14.389735645589445,-16.241922291457747,32.764435066737484
RCPTESTLORENZ_763,-14.125491264600747,-14.657495442043622,-15.545111602211874,34.56229880465324
RCPTESTLORENZ_764,-12.497059535979142,-14.726138250449704,-14.125491264600747,36.08694163310466
RCPTESTLORENZ_765,-10.890311453183523,-14.658612883051491,-12.497059535979142,37.177124056961304
RCPTESTLORENZ_766,-9.340758971077495,-14.767958538404347,-10.890311453183523,38.38727659821046
RCPTESTLORENZ_767,-7.681961472516554,-14.631167041771302,-9.340758971077495,39.60406260164872
RCPTESTLORENZ_768,-6.389396480271507,-14.38093040467507,-7.681961472516554,39.83565938523113
RCPTESTLORENZ_769,-4.7668800559751165,-14.007941267754642,-6.389396480271507,40.00374039956143
RCPTESTLORENZ_770,-2.8772038077994595,-12.9078050349227,-4.7668800559751165,39.88518550803649
RCPTESTLORENZ_771,-1.5912353289276537,-11.836137549858496,-2.8772038077994595,39.497668924737255
RCPTESTLORENZ_772,-0.24785266853429117,-11.444836954799793,-1.5912353289276537,38.840296915808025
RCPTESTLORENZ_773,1.0370060371844338,-10.554810587337432,-0.24785266853429117,38.12216186629104
RCPTESTLORENZ_774,1.627806158144075,-9.82189526410882,1.0370060371844338,36.95557170075872
RCPTESTLORENZ_775,2.1257838856163924,-8.516669982510871,1.627806158144075,35.336637464514745
RCPTESTLORENZ_776,2.468469026594782,-7.522819159729815,2.1257838856163924,34.15080970566653
RCPTESTLORENZ_777,2.9676567810038317,-6.311603157113845,2.468469026594782,32.72771721181489
RCPTESTLORENZ_778,2.86799163905144,-5.21213162455022,2.9676567810038317,31.78758283342433
RCPTESTLORENZ_779,3.606143828400243,-4.121448246002342,2.86799163905144,30.79249656643319
RCPTESTLORENZ_780,3.596931511315787,-3.3327713463724353,3.606143828400243,29.81939739785637
RCPTESTLORENZ_781,3.66576313529891,-2.3516425857175487,3.596931511315787,29.014246377515025
RCPTESTLORENZ_782,3.835155529959978,-1.3673956722204423,3.66576313529891,28.418954020865627
RCPTESTLORENZ_783,3.703685922193247,-0.76257008571315,3.835155529959978,27.298861257044393
RCPTESTLORENZ_784,3.1275669898037135,-0.7375070011528293,3.703685922193247,26.548004470202656
RCPTESTLORENZ_785,2.8514888319475475,-0.21232458333063192,3.1275669898037135,26.01289675462867
RCPTESTLORENZ_786,2.662457632607862,-0.06406982812917936,2.8514888319475475,25.229828858409395
RCPTESTLORENZ_787,2.8363958704468466,0.382247182287566,2.662457632607862,24.398267964910882
RCPTESTLORENZ_788,2.1512621631771047,0.74990337440138,2.8363958704468466,23.92895250337293
RCPTESTLORENZ_789,2.043342500294845,1.586511180449504,2.1512621631771047,23.208278753192946
RCPTESTLORENZ_790,2.1090374004672454,1.7361612527848955,2.043342500294845,22.64436009458415
RCPTESTLORENZ_791,1.554768752503474,1.2805468352626155,2.1090374004672454,22.163112720137427
RCPTESTLORENZ_792,1.8351399924579548,1.5786030880341841,1.554768752503474,21.707360746047087
RCPTESTLORENZ_793,1.8425860833517715,1.6738518298393392,1.8351399924579548,21.235072129198066
RCPTESTLORENZ_794,1.8259461946509998,2.192167665525142,1.8425860833517715,20.599305835895464
RCPTESTLORENZ_795,1.7643078458669743,2.032950046129222,1.8259461946509998,20.011481002535835
RCPTESTLORENZ_796,1.3706140267554698,2.0031725943280287,1.7643078458669743,19.71928646611519
RCPTESTLORENZ_797,1.8701265435861354,1.8039172684828404,1.3706140267554698,18.96732635858792
RCPTESTLORENZ_798,1.9892024666361505,2.040945225121196,1.8701265435861354,18.56378495885763
RCPTESTLORENZ_799,1.9084976827360836,1.9584614361231865,1.9892024666361505,18.38101269191265
RCPTESTLORENZ_800,1.8664252977089817,1.790020209295601,1.9084976827360836,18.035816594728832
RCPTESTLORENZ_801,2.6600930705619827,2.1265954891704624,1.8664252977089817,17.43900985338244
RCPTESTLORENZ_802,2.4663971697445404,2.29757739976501,2.6600930705619827,16.6865399993948
RCPTESTLORENZ_803,2.9617884419262652,2.4221447842998476,2.4663971697445404,16.83820727940846
RCPTESTLORENZ_804,2.9312546710381593,2.310692322218041,2.9617884419262652,16.45350095554542
RCPTESTLORENZ_805,3.0257816986547823,2.6794935589911306,2.9312546710381593,15.819963238188047
RCPTESTLORENZ_806,3.3789301042703546,2.8101187299377,3.0257816986547823,15.207783979154318
RCPTESTLORENZ_807,3.551434370858096,2.8142831927910423,3.3789301042703546,14.646513587657209
RCPTESTLORENZ_808,4.2871146317519,2.7080278499197568,3.551434370858096,14.085544506381853
RCPTESTLORENZ_809,4.1329680560346596,2.528012882880695,4.2871146317519,13.7629925893864
RCPTESTLORENZ_810,4.509508309580967,2.2550264648633918,4.1329680560346596,13.677785061693037
RCPTESTLORENZ_811,4.654602311599185,2.892514500330314,4.509508309580967,13.53825968388556
RCPTESTLORENZ_812,5.187035022519256,2.9478982970698815,4.654602311599185,13.44060483587177
RCPTESTLORENZ_813,5.753051616965621,3.2388162727068717,5.187035022519256,13.659222537762515
RCPTESTLORENZ_814,6.0919022444190745,3.2593418987709937,5.753051616965621,13.54149295459164
RCPTESTLORENZ_815,6.598342540376596,3.0044567922598815,6.0919022444190745,13.583353336010617
RCPTESTLORENZ_816,6.8954752906338515,2.9656742297503804,6.598342540376596,13.390863512091244
RCPTESTLORENZ_817,7.666495212235792,3.1029608490721357,6.8954752906338515,12.895768396570583
RCPTESTLORENZ_818,7.806604169078556,3.187142151515744,7.666495212235792,12.99186978213214
RCPTESTLORENZ_819,8.835543965090427,3.9072803790391335,7.806604169078556,12.67484720472688
RCPTESTLORENZ_820,9.194865714183708,4.202623345017547,8.835543965090427,12.60421934957103
RCPTESTLORENZ_821,10.157970093834559,5.27868526919436,9.194865714183708,12.039178399228177
RCPTESTLORENZ_822,11.008222316415813,5.762699236216455,10.157970093834559,11.858419285861833
RCPTESTLORENZ_823,11.720198230468348,5.961371083139679,11.008222316415813,11.823224289993021
RCPTESTLORENZ_824,12.772991861614978,6.631855392203511,11.720198230468348,12.486778893107754
RCPTESTLORENZ_825,13.638792706597473,7.268575741121122,12.772991861614978,12.808770941252352
RCPTESTLORENZ_826,14.882085112328017,7.707993037458498,13.638792706597473,13.862431155382792
RCPTESTLORENZ_827,15.497713598746483,8.203920808490011,14.882085112328017,14.336592323205425
RCPTESTLORENZ_828,16.481948746473858,8.708085105864074,15.497713598746483,15.332958685046355
RCPTESTLORENZ_829,16.98735163164414,9.84487614332551,16.481948746473858,16.359081269951467
RCPTESTLORENZ_830,18.232134888952316,10.390232916147301,16.98735163164414,17.904491402293694
RCPTESTLORENZ_831,18.593484441563955,11.03337172672655,18.232134888952316,19.434546767921244
RCPTESTLORENZ_832,19.573237979069372,11.711363262044223,18.593484441563955,20.61468602888516
RCPTESTLORENZ_833,20.29871944804863,12.485857814890165,19.573237979069372,22.349207218861963
RCPTESTLORENZ_834,20.917438859660475,13.282265106293028,20.29871944804863,24.123344532563518
RCPTESTLORENZ_835,20.683423523335286,13.762244066300813,20.917438859660475,26.08498354615447
RCPTESTLORENZ_836,20.64556059110159,14.93424776639319,20.683423523335286,28.106924179159215
RCPTESTLORENZ_837,20.31414491947354,15.040006980260207,20.64556059110159,30.49209769750187
RCPTESTLORENZ_838,19.49242546515288,15.772775118890445,20.31414491947354,32.91228010416621
RCPTESTLORENZ_839,18.438008215812882,16.274570658011527,19.49242546515288,35.55497894650563
RCPTESTLORENZ_840,16.50544184486779,16.311390162651282,18.438008215812882,37.86767455807182
RCPTESTLORENZ_841,14.26066122139587,16.551693125793786,16.50544184486779,40.158801482783765
RCPTESTLORENZ_842,11.830980208564144,16.66648346503205,14.26066122139587,41.79451010250438
RCPTESTLORENZ_843,9.293872477224287,16.72361368624101,11.830980208564144,43.273189056765574
RCPTESTLORENZ_844,6.647158294230682,16.327272856554924,9.293872477224287,44.230941714670564
RCPTESTLORENZ_845,3.8318886686311675,15.344360225506696,6.647158294230682,43.9414131826993
RCPTESTLORENZ_846,1.5710748848254765,14.472776275688227,3.8318886686311675,43.22655737732391
RCPTESTLORENZ_847,-0.36037755928515675,13.202344424100867,1.5710748848254765,42.444150462576026
RCPTESTLORENZ_848,-2.45079440633532,12.19892405012681,-0.36037755928515675,41.677285530105074
RCPTESTLORENZ_849,-4.223798410187544,11.646606139928675,-2.45079440633532,40.44399164519617
RCPTESTLORENZ_850,-5.292173957493785,10.394071383901805,-4.223798410187544,39.26903706306862
RCPTESTLORENZ_851,-6.179526541775312,8.42495875269743,-5.292173957493785,37.47423188557227
RCPTESTLORENZ_852,-6.396550827844416,7.280810579537729,-6.179526541775312,36.52873419165181
RCPTESTLORENZ_853,-6.506229148280033,6.006723515890125,-6.396550827844416,35.2251820289629
RCPTESTLORENZ_854,-6.915374031085586,5.025355384525351,-6.506229148280033,33.792907779612676
RCPTESTLORENZ_855,-6.981741256353547,3.872745679269451,-6.915374031085586,33.10393071689487
RCPTESTLORENZ_856,-7.1260165431188,2.7457367534084165,-6.981741256353547,32.25356330338672
RCPTESTLORENZ_857,-7.184923628242496,2.1301958497370586,-7.1260165431188,30.92550992506465
RCPTESTLORENZ_858,-7.367118782317358,0.5803606534071313,-7.184923628242496,29.90565722257504
RCPTESTLORENZ_859,-7.434872562457086,0.09555118165272275,-7.367118782317358,29.08518374908365
RCPTESTLORENZ_860,-7.3269574976859815,-0.3960888319660174,-7.434872562457086,27.96885684618443
RCPTESTLORENZ_861,-6.9274858944402045,-0.9608345565901133,-7.3269574976859815,27.440453542821736
RCPTESTLORENZ_862,-7.1263624470832925,-1.6776364983403484,-6.9274858944402045,26.444205778604633
RCPTESTLORENZ_863,-6.900516646783748,-2.280831080645754,-7.1263624470832925,26.014750901143195
RCPTESTLORENZ_864,-6.554132294175039,-2.5229373959821033,-6.900516646783748,25.96845959115095
RCPTESTLORENZ_865,-6.617075600796903,-3.1551309923235538,-6.554132294175039,25.327935154716133
RCPTESTLORENZ_866,-6.788918251646927,-3.3249139726349988,-6.617075600796903,24.61535986113801
RCPTESTLORENZ_867,-7.048402754266055,-3.524627511316848,-6.788918251646927,24.14133525991374
RCPTESTLORENZ_868,-7.417879629628118,-3.5018878748906475,-7.048402754266055,23.475883811566824
RCPTESTLORENZ_869,-7.210481924856623,-3.9810684604499267,-7.417879629628118,23.39259639724641
RCPTESTLORENZ_870,-7.2581441125388775,-3.991700915820808,-7.210481924856623,23.413860196202588
RCPTESTLORENZ_871,-7.454562947902149,-4.180448201910116,-7.2581441125388775,22.983865030563987
RCPTESTLORENZ_872,-7.6669512473994095,-3.969141616279812,-7.454562947902149,22.584669073463953
RCPTESTLORENZ_873,-7.375717252551798,-4.673686124751967,-7.6669512473994095,22.532633339285198
RCPTESTLORENZ_874,-7.652078934112336,-5.123220447589481,-7.375717252551798,22.747090096566524
RCPTESTLORENZ_875,-7.941657892996273,-5.081490095740025,-7.652078934112336,22.60505373197436
RCPTESTLORENZ_876,-7.880965433077009,-4.972455761904497,-7.941657892996273,22.393850725530772
RCPTESTLORENZ_877,-8.240017745843218,-5.421792937368638,-7.880965433077009,22.101374851682134
RCPTESTLORENZ_878,-8.551169206932823,-5.703239678852582,-8.240017745843218,21.395170419183565
RCPTESTLORENZ_879,-8.53100477888014,-6.000126646997465,-8.551169206932823,21.464349411110838
RCPTESTLORENZ_880,-9.303081282280038,-6.623263257862997,-8.53100477888014,21.575030831003954
RCPTESTLORENZ_881,-9.450109733167363,-6.5006917830470305,-9.303081282280038,21.16841804213181
RCPTESTLORENZ_882,-9.73243445843751,-6.981568074599985,-9.450109733167363,21.053911526727877
RCPTESTLORENZ_883,-9.697838016929591,-7.278281021267986,-9.73243445843751,20.857314793962075
RCPTESTLORENZ_884,-10.476117385872783,-7.558986255692996,-9.697838016929591,20.692584050455462
RCPTESTLORENZ_885,-10.523791053171452,-7.511200008950382,-10.476117385872783,21.301814317823176
RCPTESTLORENZ_886,-10.705068720057241,-7.99838621999039,-10.523791053171452,21.44892585473072
RCPTESTLORENZ_887,-11.257306322455156,-8.004741956362293,-10.705068720057241,21.660988587262757
RCPTESTLORENZ_888,-11.464633579156995,-8.261270009773263,-11.257306322455156,21.675083839806458
RCPTESTLORENZ_889,-12.06079808700938,-8.281504713190763,-11.464633579156995,22.155785720380365
RCPTESTLORENZ_890,-12.46122611638779,-8.511144135637549,-12.06079808700938,22.581515323097832
RCPTESTLORENZ_891,-13.053734803512048,-8.913457119756613,-12.46122611638779,23.346231767345653
RCPTESTLORENZ_892,-13.477477451172573,-8.73180114607323,-13.053734803512048,23.248797192480524
RCPTESTLORENZ_893,-13.665428137273008,-9.590217634632454,-13.477477451172573,23.63141864555615
RCPTESTLORENZ_894,-13.83886259080067,-10.084457785020428,-13.665428137273008,24.042698272476574
RCPTESTLORENZ_895,-13.95550541905595,-10.349276336139187,-13.83886259080067,24.784487750237822
RCPTESTLORENZ_896,-14.20104048951573,-10.646479034356044,-13.95550541905595,25.475124315405942
RCPTESTLORENZ_897,-14.175542795137531,-11.203252193182733,-14.20104048951573,26.140263254576805
RCPTESTLORENZ_898,-14.296236299261139,-11.495758232103153,-14.175542795137531,26.62817893340678
RCPTESTLORENZ_899,-13.958189482545258,-11.637517886312672,-14.296236299261139,27.306181656255518
RCPTESTLORENZ_900,3.6481665952418862,-5.36221445286945,3.8982061376904227,24.568116015382998
RCPTESTLORENZ_901,2.916546225258473,-4.908412285166627,3.6481665952418862,24.207609054993608
RCPTESTLORENZ_902,2.6549069475348452,-4.35427394189356,2.916546225258473,23.331184114726792
RCPTESTLORENZ_903,2.065163579079664,-3.4147210543958706,2.6549069475348452,22.758711202559788
RCPTESTLORENZ_904,2.060626602660458,-2.2277783215798626,2.065163579079664,22.010012304146496
RCPTESTLORENZ_905,2.002434305997597,-2.225809286963096,2.060626602660458,20.91113954185074
RCPTESTLORENZ_906,1.9796436179715835,-2.121470669993947,2.002434305997597,20.664559437968954
RCPTESTLORENZ_907,1.501956224155276,-1.6106029389905396,1.9796436179715835,20.176030618964244
RCPTESTLORENZ_908,1.7267762757572018,-1.3685385489730955,1.501956224155276,19.841970989254897
RCPTESTLORENZ_909,1.636902344429285,-0.6282200060150973,1.7267762757572018,19.617143239305975
RCPTESTLORENZ_910,1.2984629854955898,-0.7016165872972713,1.636902344429285,19.27684212346672
RCPTESTLORENZ_911,1.1051443486878756,-0.585651720282735,1.2984629854955898,18.55691745880898
RCPTESTLORENZ_912,0.8897566523355117,-0.3526078340317483,1.1051443486878756,18.159614424734528
RCPTESTLORENZ_913,0.5536275279720873,-0.43666021990655046,0.8897566523355117,17.76739917785016
RCPTESTLORENZ_914,0.4402898971705965,-0.5158569859317709,0.5536275279720873,17.2936722216611
RCPTESTLORENZ_915,0.5068044805154167,-0.5121400163241286,0.4402898971705965,17.24992095553182
RCPTESTLORENZ_916,0.10969382396052163,-0.14129774362971315,0.5068044805154167,16.961513448236676
RCPTESTLORENZ_917,0.0518789803174175,0.044435555153929204,0.10969382396052163,16.298756914673195
RCPTESTLORENZ_918,-0.7748975039590213,-0.031743709513197764,0.0518789803174175,16.277984982200206
RCPTESTLORENZ_919,-0.5796106644302119,-0.08856247972568701,-0.7748975039590213,15.726115015055745
RCPTESTLORENZ_920,-0.4364079460651795,-0.3580916136074164,-0.5796106644302119,15.132758917542663
RCPTESTLORENZ_921,-0.4495798668992391,-0.6232921096284846,-0.4364079460651795,14.602521430483897
RCPTESTLORENZ_922,-0.6638960465620176,-0.4637825817105515,-0.4495798668992391,14.389608595707232
RCPTESTLORENZ_923,-0.535055008960532,-0.3441370192987072,-0.6638960465620176,13.890299853478913
RCPTESTLORENZ_924,-0.6060784828337128,-1.0419667312268117,-0.535055008960532,13.628208000864412
RCPTESTLORENZ_925,-0.7167595469419976,-0.6830228989698924,-0.6060784828337128,13.21948791740555
RCPTESTLORENZ_926,-0.9855246382654059,-0.9241175545030724,-0.7167595469419976,12.946447414757893
RCPTESTLORENZ_927,-1.0820091340597957,-0.8678883953076004,-0.9855246382654059,12.718420401775504
RCPTESTLORENZ_928,-1.1568344105914252,-1.0893639630752314,-1.0820091340597957,12.102107830894328
RCPTESTLORENZ_929,-1.3690546670655126,-1.5135337623535698,-1.1568344105914252,11.826672548740126
RCPTESTLORENZ_930,-1.645947528036751,-1.1597640520383656,-1.3690546670655126,11.434423741962345
RCPTESTLORENZ_931,-1.8242178116525516,-0.8631644178063987,-1.645947528036751,11.106822387032986
RCPTESTLORENZ_932,-2.1025760822073405,-0.8782018596955536,-1.8242178116525516,10.872876399931519
RCPTESTLORENZ_933,-2.3085401036940603,-0.9332059667202185,-2.1025760822073405,10.454048748100362
RCPTESTLORENZ_934,-2.2529073943837967,-0.9290900100963603,-2.3085401036940603,10.145936238263438
RCPTESTLORENZ_935,-2.6791711813565513,-0.5902313825359955,-2.2529073943837967,10.075450885778638
RCPTESTLORENZ_936,-2.62498002855775,-0.9492987146325914,-2.6791711813565513,10.085019508440602
RCPTESTLORENZ_937,-2.679640783605281,-0.7308696147511682,-2.62498002855775,9.879516013192164
RCPTESTLORENZ_938,-2.6566405600452487,-0.8400868817481892,-2.679640783605281,9.375355445894277
RCPTESTLORENZ_939,-2.2365853161339477,-0.9923832463541318,-2.6566405600452487,9.318627388572393
RCPTESTLORENZ_940,-2.010704042352993,-1.2292399055743777,-2.2365853161339477,9.346529251422162
RCPTESTLORENZ_941,-2.1575333200698723,-1.0998466251576513,-2.010704042352993,9.348766683111824
RCPTESTLORENZ_942,-1.9991278985926821,-0.6917518634305098,-2.1575333200698723,9.119961719175112
RCPTESTLORENZ_943,-2.1367118098991713,-0.8680627426355577,-1.9991278985926821,8.775131470534818
RCPTESTLORENZ_944,-2.77444252886021,-0.6821825693747404,-2.1367118098991713,8.640974780788243
RCPTESTLORENZ_945,-3.1157355287761717,-0.8529900411369419,-2.77444252886021,8.683621090000157
RCPTESTLORENZ_946,-3.4345600929028284,-1.1351538615076806,-3.1157355287761717,8.674662724131244
RCPTESTLORENZ_947,-3.525417539595424,-1.4231069581485503,-3.4345600929028284,8.465338830394817
RCPTESTLORENZ_948,-3.834913193420776,-1.923422852226219,-3.525417539595424,8.08927441733027
RCPTESTLORENZ_949,-3.8474072882719073,-1.8724214214006465,-3.834913193420776,7.785610043726132
RCPTESTLORENZ_950,-4.051353259321366,-1.7635475930738747,-3.8474072882719073,7.538613569920566
RCPTESTLORENZ_951,-4.030421986190646,-2.164304859666522,-4.051353259321366,7.212733100575313
RCPTESTLORENZ_952,-4.213964208878853,-2.405682433238947,-4.030421986190646,6.640762060310921
RCPTESTLORENZ_953,-4.4415760584922035,-2.4348078949871375,-4.213964208878853,6.672357410180996
RCPTESTLORENZ_954,-5.034399526315662,-2.670953184656055,-4.4415760584922035,6.723122910608918
RCPTESTLORENZ_955,-5.277632537818647,-2.9474514119925317,-5.034399526315662,6.601956489847596
RCPTESTLORENZ_956,-5.946022282399905,-2.7320482586102153,-5.277632537818647,6.825902790193949
RCPTESTLORENZ_957,-6.472654302415571,-2.5415252422091315,-5.946022282399905,6.575154737573479
RCPTESTLORENZ_958,-7.547215353232605,-3.0541413331364557,-6.472654302415571,6.80658135624283
RCPTESTLORENZ_959,-8.643822155637379,-3.471038139570471,-7.547215353232605,6.7901404847897515
RCPTESTLORENZ_960,-9.295851947051352,-3.9395373056894356,-8.643822155637379,6.881976942902126
RCPTESTLORENZ_961,-10.247055610563349,-4.058384689120231,-9.295851947051352,7.182711902637124
RCPTESTLORENZ_962,-11.498178238781131,-4.5537858847289625,-10.247055610563349,7.421019073112625
RCPTESTLORENZ_963,-12.478886791334345,-4.935588276525673,-11.498178238781131,8.14581614140159
RCPTESTLORENZ_964,-13.81495847594037,-5.211844500472977,-12.478886791334345,8.456387913314819
RCPTESTLORENZ_965,-14.54362360334163,-5.78241976105785,-13.81495847594037,8.900796025029411
RCPTESTLORENZ_966,-15.488265128878343,-6.554094572091349,-14.54362360334163,9.816495808949115
RCPTESTLORENZ_967,-17.068121451999023,-7.449155432568154,-15.488265128878343,10.298776289183778
RCPTESTLORENZ_968,-17.737235378104508,-8.460653096447855,-17.068121451999023,10.936196357774381
RCPTESTLORENZ_969,-18.80285704172653,-9.394355201624126,-17.737235378104508,12.66078408294445
RCPTESTLORENZ_970,-20.073837214042463,-10.46931887693007,-18.80285704172653,14.413532396771075
RCPTESTLORENZ_971,-20.898400903116176,-10.91898190922132,-20.073837214042463,16.356428400647474
RCPTESTLORENZ_972,-21.7823388918153,-11.376552244409265,-20.898400903116176,18.522467549852614
RCPTESTLORENZ_973,-22.82799522551163,-12.428803573946107,-21.7823388918153,19.940919530497283
RCPTESTLORENZ_974,-24.109297451210548,-13.30610516135735,-22.82799522551163,22.037561435788355
RCPTESTLORENZ_975,-24.512439359834023,-13.885703207409637,-24.109297451210548,24.087825847499246
RCPTESTLORENZ_976,-24.571111055781884,-15.047405154168604,-24.512439359834023,26.411804131337153
RCPTESTLORENZ_977,-24.20894740944041,-16.38563929154229,-24.571111055781884,29.123683626601924
RCPTESTLORENZ_978,-23.715968645324114,-17.37706313576809,-24.20894740944041,32.257781847048655
RCPTESTLORENZ_979,-21.982484034445477,-18.146261016183605,-23.715968645324114,35.16499808817419
RCPTESTLORENZ_980,-19.677694620342056,-18.628048460973194,-21.982484034445477,39.10709201883506
RCPTESTLORENZ_981,-16.737507149808412,-18.695407291987795,-19.677694620342056,41.763543381707265
RCPTESTLORENZ_982,-13.785373656456619,-18.59944035672016,-16.737507149808412,43.89318319646866
RCPTESTLORENZ_983,-10.411676281898144,-17.865331314140985,-13.785373656456619,45.898609260580024
RCPTESTLORENZ_984,-7.2885043017595486,-17.60965715409474,-10.411676281898144,47.366439498698895
RCPTESTLORENZ_985,-3.891164814274516,-17.245950276431866,-7.2885043017595486,47.99228409047923
RCPTESTLORENZ_986,-0.3809482258829102,-17.126307271777794,-3.891164814274516,47.8685375218882
RCPTESTLORENZ_987,2.8670910908474676,-15.765654012328376,-0.3809482258829102,47.20607996368181
RCPTESTLORENZ_988,5.935035225633603,-14.517009081819438,2.8670910908474676,46.40475808381477
RCPTESTLORENZ_989,7.89544601539124,-12.476680570370572,5.935035225633603,44.71095055729151
RCPTESTLORENZ_990,9.060857120433374,-10.325632540287204,7.89544601539124,43.0645997353105
RCPTESTLORENZ_991,9.763497051748804,-8.809596808812298,9.060857120433374,40.939744868445466
RCPTESTLORENZ_992,10.81677442177088,-6.806475552120928,9.763497051748804,39.03572917018292
RCPTESTLORENZ_993,11.248751340204372,-5.165598289823013,10.81677442177088,37.527293661234
RCPTESTLORENZ_994,11.325377080010878,-3.5433389518755307,11.248751340204372,36.03167334341324
RCPTESTLORENZ_995,11.18162223157602,-2.1589507246862816,11.325377080010878,34.56880730246165
RCPTESTLORENZ_996,11.345210723536189,-0.45824195645661087,11.18162223157602,33.18438283374339
RCPTESTLORENZ_997,11.150570602661105,0.586994120006942,11.345210723536189,32.17672716365312
RCPTESTLORENZ_998,10.773441412727127,1.9079020406898886,11.150570602661105,31.29153457139193
RCPTESTLORENZ_999,10.374924608957535,2.7709287421520306,10.773441412727127,30.74607018513286
RCPTESTLORENZ_1000,10.310840996133207,3.8169004736444747,10.374924608957535,30.193128122797162
RCPTESTLORENZ_1001,10.01629101739779,4.014110893502177,10.310840996133207,29.855483327205565
RCPTESTLORENZ_1002,9.814428772320488,4.390193186425967,10.01629101739779,29.621580854411743
RCPTESTLORENZ_1003,9.755525082858558,5.229777535645415,9.814428772320488,29.110389433837817
RCPTESTLORENZ_1004,9.753282851849441,5.7614606056835,9.755525082858558,28.74566261972596
RCPTESTLORENZ_1005,9.524890600408549,5.967510404163251,9.753282851849441,28.9846886687487
RCPTESTLORENZ_1006,9.761162777215523,6.893301669484357,9.524890600408549,28.756023007751953
RCPTESTLORENZ_1007,9.503614421577382,7.589856351573067,9.761162777215523,28.569361642110806
RCPTESTLORENZ_1008,9.239831205211658,7.879824601910978,9.503614421577382,28.2143360957736
RCPTESTLORENZ_1009,9.146549962225894,7.722583795388412,9.239831205211658,27.992224000774815
RCPTESTLORENZ_1010,8.993465039676217,7.975147220293503,9.146549962225894,27.781569109957815
RCPTESTLORENZ_1011,8.91076068172686,8.006077222468537,8.993465039676217,27.98605428404597
RCPTESTLORENZ_1012,8.737501939532677,8.462670842242845,8.91076068172686,28.041457466773707
RCPTESTLORENZ_1013,8.813643666867767,8.779598964589514,8.737501939532677,28.581369372585353
RCPTESTLORENZ_1014,8.614290911192036,8.691656605332202,8.813643666867767,28.475989400169432
RCPTESTLORENZ_1015,8.704692219062025,8.894531390148012,8.614290911192036,28.266362350637067
RCPTESTLORENZ_1016,8.873136088071082,8.457574929913287,8.704692219062025,28.038487665131044
RCPTESTLORENZ_1017,8.585161255764657,8.543875609613858,8.873136088071082,28.15306711038465
RCPTESTLORENZ_1018,8.509144154450553,8.566893180267293,8.585161255764657,27.94125854814491
RCPTESTLORENZ_1019,8.098491627877413,8.566080485387003,8.509144154450553,27.740363488512116
RCPTESTLORENZ_1020,7.989555759624116,8.383090789495965,8.098491627877413,27.965786825400652
RCPTESTLORENZ_1021,7.359976482638305,8.848461721570331,7.989555759624116,28.419202616524135
RCPTESTLORENZ_1022,7.299692371572509,8.840645821462669,7.359976482638305,28.070741318998106
RCPTESTLORENZ_1023,6.7628596208332015,9.204480993103166,7.299692371572509,27.927714953614522
RCPTESTLORENZ_1024,6.8709118275859415,9.018451484392116,6.7628596208332015,27.837469461838257
RCPTESTLORENZ_1025,6.632908637242003,9.052403379152324,6.8709118275859415,27.815611911440683
RCPTESTLORENZ_1026,6.696925037346579,9.215006275313726,6.632908637242003,27.807283451548248
RCPTESTLORENZ_1027,6.478538870429925,9.078811250014478,6.696925037346579,27.664988990092247
RCPTESTLORENZ_1028,6.797409321808111,8.887710474252675,6.478538870429925,27.43383355089176
RCPTESTLORENZ_1029,6.918709868091874,8.862799138118287,6.797409321808111,27.268056866304565
RCPTESTLORENZ_1030,6.633443676952799,8.61249948439374,6.918709868091874,27.558545647994883
RCPTESTLORENZ_1031,6.6367902591064984,8.883888856575208,6.633443676952799,27.31398841669257
RCPTESTLORENZ_1032,6.783528337596264,8.584069376427854,6.6367902591064984,27.542625710317164
RCPTESTLORENZ_1033,6.2997661707989945,8.337267135269581,6.783528337596264,27.368823641281235
RCPTESTLORENZ_1034,6.82235837809761,8.31167756453407,6.2997661707989945,27.100765457877475
RCPTESTLORENZ_1035,7.050223349353866,8.025771382247013,6.82235837809761,26.935425879870582
RCPTESTLORENZ_1036,6.799920579388772,7.838649854319352,7.050223349353866,27.0921272911117
RCPTESTLORENZ_1037,6.827636036888983,7.683408213972117,6.799920579388772,26.551464565015507
RCPTESTLORENZ_1038,7.122237147539382,7.2502311400723105,6.827636036888983,26.40270639558716
RCPTESTLORENZ_1039,7.2212869007851666,6.995291320266584,7.122237147539382,26.55027870298116
RCPTESTLORENZ_1040,7.735090061505426,7.3635441030228135,7.2212869007851666,26.339467185182166
RCPTESTLORENZ_1041,7.763353682697478,7.353299064604682,7.735090061505426,25.60390090930212
RCPTESTLORENZ_1042,7.6043849420690846,7.661116605026,7.763353682697478,25.276129340048104
RCPTESTLORENZ_1043,8.024428273836458,7.805381794770921,7.6043849420690846,25.54600850336395
RCPTESTLORENZ_1044,8.34547338929278,8.108723423208776,8.024428273836458,25.494275007553405
RCPTESTLORENZ_1045,8.678812397237332,8.032931144408945,8.34547338929278,25.51947900582695
RCPTESTLORENZ_1046,8.626890368811322,8.029371514989073,8.678812397237332,25.62770833920494
RCPTESTLORENZ_1047,8.730160909437847,8.410644893322488,8.626890368811322,26.084141153408194
RCPTESTLORENZ_1048,9.143557793688064,8.281116110567956,8.730160909437847,26.23389044995423
RCPTESTLORENZ_1049,9.81934101872983,8.259041712962828,9.143557793688064,26.099654555907023
RCPTESTLORENZ_1050,10.03263494734997,8.368233900354204,9.81934101872983,26.039241087903893
RCPTESTLORENZ_1051,10.082899762752689,8.28273681538152,10.03263494734997,25.94706828906064
RCPTESTLORENZ_1052,10.367460751704657,8.57166001276544,10.082899762752689,26.40870584296195
RCPTESTLORENZ_1053,10.232614707404123,8.401127280531025,10.367460751704657,26.44575579194872
RCPTESTLORENZ_1054,9.64551543241845,8.528113015750483,10.232614707404123,26.444484089669356
RCPTESTLORENZ_1055,9.880581965993496,8.54179221644979,9.64551543241845,26.417866627304726
RCPTESTLORENZ_1056,9.175822361907409,9.012006624111859,9.880581965993496,26.828161521803903
RCPTESTLORENZ_1057,9.45744911441978,8.60531031047108,9.175822361907409,26.927679081494908
RCPTESTLORENZ_1058,9.426587122808101,8.242278407096324,9.45744911441978,26.816980969629586
RCPTESTLORENZ_1059,9.331312749207111,8.384921120890754,9.426587122808101,27.165566099141834
RCPTESTLORENZ_1060,9.28867213139422,8.811318639063742,9.331312749207111,27.339568400571213
RCPTESTLORENZ_1061,8.921073170448263,9.187108151112007,9.28867213139422,27.67613936867893
RCPTESTLORENZ_1062,8.75175668473613,9.361999624143744,8.921073170448263,27.952513914028685
RCPTESTLORENZ_1063,8.231164373354114,9.611353529671403,8.75175668473613,28.27637250161928
RCPTESTLORENZ_1064,8.032545801506146,9.258379794466453,8.231164373354114,27.992433108122725
RCPTESTLORENZ_1065,8.150645790993819,8.81969836603058,8.032545801506146,27.999457839963167
RCPTESTLORENZ_1066,8.042309413170232,8.368567941769687,8.150645790993819,28.091883979132
RCPTESTLORENZ_1067,8.186382031024099,8.979533906664061,8.042309413170232,28.17430995013005
RCPTESTLORENZ_1068,8.364444541596914,8.811368752258524,8.186382031024099,28.033980375172106
RCPTESTLORENZ_1069,8.025156515103376,8.402483022609482,8.364444541596914,28.010544626739065
RCPTESTLORENZ_1070,8.322799115916837,8.562379152188829,8.025156515103376,28.205049507800513
RCPTESTLORENZ_1071,8.651656441216407,8.38073230157693,8.322799115916837,27.760895480777425
RCPTESTLORENZ_1072,8.942066167840249,8.218158841536821,8.651656441216407,27.475343947833817
RCPTESTLORENZ_1073,8.723534935770141,8.381457946897157,8.942066167840249,27.159588471092864
RCPTESTLORENZ_1074,9.089126234210575,8.661043190054123,8.723534935770141,27.222525139570628
RCPTESTLORENZ_1075,8.97232166163352,8.73344301686078,9.089126234210575,27.4025456148835
RCPTESTLORENZ_1076,8.69968043837994,8.932998824862969,8.97232166163352,27.525754319132997
RCPTESTLORENZ_1077,8.802934825340234,9.131816317923025,8.69968043837994,27.077834509998972
RCPTESTLORENZ_1078,8.906759408211027,9.00852902285471,8.802934825340234,27.174441103260293
RCPTESTLORENZ_1079,8.14386576780586,9.223411640895042,8.906759408211027,27.040660646942626
RCPTESTLORENZ_1080,8.036943020816667,9.85208457119598,8.14386576780586,27.149067870894157
RCPTESTLORENZ_1081,7.686133162543021,10.020382482547717,8.036943020816667,27.073563626566425
RCPTESTLORENZ_1082,7.3851095492242305,9.82338273789208,7.686133162543021,27.230959596340313
RCPTESTLORENZ_1083,7.22359386829466,9.510201104113753,7.3851095492242305,27.418924786913625
RCPTESTLORENZ_1084,6.65899764451912,9.154065324781472,7.22359386829466,27.573496658877062
RCPTESTLORENZ_1085,7.114820519815903,9.138060226855464,6.65899764451912,27.36030948830625
RCPTESTLORENZ_1086,6.802666512276621,8.852315072257761,7.114820519815903,27.389328986610764
RCPTESTLORENZ_1087,7.0339106490250005,8.305058369921209,6.802666512276621,27.26632461317445
RCPTESTLORENZ_1088,7.336468009526009,8.465021341814875,7.0339106490250005,27.082583840845817
RCPTESTLORENZ_1089,6.989974617535099,7.919490623611335,7.336468009526009,27.331808221032617
RCPTESTLORENZ_1090,6.64562608915216,8.003009688485777,6.989974617535099,27.05159745608282
RCPTESTLORENZ_1091,7.143176188915341,8.018457020450883,6.64562608915216,26.668875915158484
RCPTESTLORENZ_1092,7.476203224432709,8.082033256350762,7.143176188915341,26.29889586702652
RCPTESTLORENZ_1093,7.476482907963943,7.941904882326913,7.476203224432709,25.625374318389756
RCPTESTLORENZ_1094,7.832723456299191,7.71568592551547,7.476482907963943,25.678909866722186
RCPTESTLORENZ_1095,8.382881865126173,8.2061884287583,7.832723456299191,25.831582107278866
RCPTESTLORENZ_1096,8.749003184112684,8.223599161574647,8.382881865126173,26.124113752706144
RCPTESTLORENZ_1097,8.910922368111098,8.567456710609132,8.749003184112684,26.23254801239427
RCPTESTLORENZ_1098,9.059084835439434,8.519219943232748,8.910922368111098,25.665460166720308
RCPTESTLORENZ_1099,9.294978492156938,8.401600471672532,9.059084835439434,25.803784104909667
RCPTESTLORENZ_1100,9.774114866545782,8.206338048491236,9.294978492156938,25.76549708689086
RCPTESTLORENZ_1101,10.166851338497702,8.319731861367083,9.774114866545782,25.77568507461609
RCPTESTLORENZ_1102,10.440277071746415,8.65241263230411,10.166851338497702,26.012699863006393
RCPTESTLORENZ_1103,10.543669990842785,8.568031849140354,10.440277071746415,26.24604523846465
RCPTESTLORENZ_1104,9.99629377767069,8.67300169653153,10.543669990842785,26.432356470511202
RCPTESTLORENZ_1105,10.051296452549474,8.923961918558568,9.99629377767069,26.59292106775489
RCPTESTLORENZ_1106,10.052270266460788,9.15829253637545,10.051296452549474,26.961527768149008
RCPTESTLORENZ_1107,10.52810569453756,9.244337826559669,10.052270266460788,26.97582791025113
RCPTESTLORENZ_1108,10.119701349601902,9.178599577677724,10.52810569453756,27.139066848319406
RCPTESTLORENZ_1109,10.022856368008805,9.183767898325243,10.119701349601902,27.424987399379017
RCPTESTLORENZ_1110,9.840769680566137,8.971095984492527,10.022856368008805,27.78801363766357
RCPTESTLORENZ_1111,9.827066330749554,9.717184931802207,9.840769680566137,28.203393388437394
RCPTESTLORENZ_1112,9.988552301219595,10.11184473724851,9.827066330749554,28.385000311844244
RCPTESTLORENZ_1113,9.85858164405107,10.239914365361372,9.988552301219595,28.499125154137747
RCPTESTLORENZ_1114,9.510625446716345,10.086847216103605,9.85858164405107,28.438763197634962
RCPTESTLORENZ_1115,9.504457997407881,10.0023246082998,9.510625446716345,28.725804663993387
RCPTESTLORENZ_1116,9.189661128055846,10.063727831963105,9.504457997407881,28.689638876966622
RCPTESTLORENZ_1117,8.9819910631118,10.362809866109238,9.189661128055846,28.63452326996414
RCPTESTLORENZ_1118,8.862418198643493,10.157368851891858,8.9819910631118,29.283754354926483
RCPTESTLORENZ_1119,8.953905862234103,9.402928233261505,8.862418198643493,29.044661425231435
RCPTESTLORENZ_1120,9.096603577114402,9.397474940117744,8.953905862234103,28.96951873051424
RCPTESTLORENZ_1121,8.973416541017604,9.38643121333437,9.096603577114402,28.605977502487065
RCPTESTLORENZ_1122,8.571549884367238,9.15515255424696,8.973416541017604,28.820391670228183
RCPTESTLORENZ_1123,8.507091310966716,8.74317834472906,8.571549884367238,29.222364642819027
RCPTESTLORENZ_1124,8.605936936307689,8.825615511096569,8.507091310966716,29.158043623445508
RCPTESTLORENZ_1125,8.64043966700881,8.735563190774117,8.605936936307689,29.132436829887048
RCPTESTLORENZ_1126,8.241955497007652,8.763394622694301,8.64043966700881,29.372376930433877
RCPTESTLORENZ_1127,7.905926267355612,8.853694099536495,8.241955497007652,29.39895224806621
RCPTESTLORENZ_1128,7.761559027894066,8.96370655413334,7.905926267355612,29.119242713228157
RCPTESTLORENZ_1129,7.481204708063828,8.72729805993988,7.761559027894066,29.414320908965014
RCPTESTLORENZ_1130,7.493912819489355,8.760774594548995,7.481204708063828,29.275389905723202
RCPTESTLORENZ_1131,6.798567148894471,8.830820724713314,7.493912819489355,29.523186430182836
RCPTESTLORENZ_1132,6.659789812649669,8.637145111782443,6.798567148894471,29.561472951694828
RCPTESTLORENZ_1133,6.450088389728665,8.385992331697057,6.659789812649669,29.439524612081904
RCPTESTLORENZ_1134,6.067036622156769,7.801913836298302,6.450088389728665,28.94789694843303
RCPTESTLORENZ_1135,5.914340756939707,7.682549887751152,6.067036622156769,28.29801808855219
RCPTESTLORENZ_1136,6.063915224658299,7.189838717118409,5.914340756939707,27.98830076174271
RCPTESTLORENZ_1137,5.839804423209124,7.069841018463605,6.063915224658299,27.539040480795016
RCPTESTLORENZ_1138,5.643764195163406,7.351076361899369,5.839804423209124,27.38092872688841
RCPTESTLORENZ_1139,5.36954053552866,7.0624273687123456,5.643764195163406,27.116875810864123
RCPTESTLORENZ_1140,5.457310875924307,7.112238869519351,5.36954053552866,26.885450500046517
RCPTESTLORENZ_1141,5.267771763088281,6.585971886382633,5.457310875924307,26.093045510677417
RCPTESTLORENZ_1142,5.318889678097781,6.226392967840312,5.267771763088281,25.659200881004217
RCPTESTLORENZ_1143,4.92232413591854,5.665323064419736,5.318889678097781,25.198811055055206
RCPTESTLORENZ_1144,5.125086521252116,5.576533390206027,4.92232413591854,24.983264719737335
RCPTESTLORENZ_1145,5.040156100223486,5.191359377708106,5.125086521252116,24.265583630245665
RCPTESTLORENZ_1146,5.441578297797868,5.60244421440607,5.040156100223486,24.036664929212478
RCPTESTLORENZ_1147,5.561404059363996,5.529935321180713,5.441578297797868,23.543703585293574
RCPTESTLORENZ_1148,5.8186219149189835,5.451626026291665,5.561404059363996,23.294833084968033
RCPTESTLORENZ_1149,5.8256048009817425,5.565179154183307,5.8186219149189835,23.105032322801723
RCPTESTLORENZ_1150,6.042990115431643,5.327390167274704,5.8256048009817425,22.40295272498058
RCPTESTLORENZ_1151,6.4175805535082855,5.280777226346752,6.042990115431643,21.981359611520144
RCPTESTLORENZ_1152,6.8022292778585145,5.324482264584482,6.4175805535082855,21.35510975600834
RCPTESTLORENZ_1153,6.904450424229179,5.184219864121045,6.8022292778585145,21.141210399406933
RCPTESTLORENZ_1154,7.008776884350758,5.313751148855933,6.904450424229179,20.822569687549045
RCPTESTLORENZ_1155,7.343967192875555,5.7683490841887535,7.008776884350758,20.628525488140074
RCPTESTLORENZ_1156,8.075941291051427,5.773864413062085,7.343967192875555,20.308410037808503
RCPTESTLORENZ_1157,8.512963928662623,5.790394053131185,8.075941291051427,20.53007541720035
RCPTESTLORENZ_1158,9.011727866552357,5.636315108983202,8.512963928662623,20.299796955406357
RCPTESTLORENZ_1159,9.3763063193263,6.207870254119065,9.011727866552357,20.03939429264234
RCPTESTLORENZ_1160,9.682684667254325,6.717038059288302,9.3763063193263,20.00595771732123
RCPTESTLORENZ_1161,10.247284499625504,6.83016896636163,9.682684667254325,20.077269669670553
RCPTESTLORENZ_1162,10.38342275654988,7.058524015144799,10.247284499625504,19.843759342151312
RCPTESTLORENZ_1163,11.346828768520231,7.308555709842169,10.38342275654988,20.026181358136622
RCPTESTLORENZ_1164,11.728259856745172,7.398185916428187,11.346828768520231,20.566722209868242
RCPTESTLORENZ_1165,12.175372395547425,7.483132563225365,11.728259856745172,20.702540291232836
RCPTESTLORENZ_1166,12.628348481580971,7.630325439324872,12.175372395547425,21.073000279353092
RCPTESTLORENZ_1167,13.322083799226236,8.139277411333964,12.628348481580971,21.447303261876705
RCPTESTLORENZ_1168,14.029343852970237,8.711077536893875,13.322083799226236,21.67818433095152
RCPTESTLORENZ_1169,14.618128433779406,8.962928281695946,14.029343852970237,22.02918524853516
RCPTESTLORENZ_1170,15.057371990394767,9.262235027541797,14.618128433779406,22.804066226591498
RCPTESTLORENZ_1171,15.337436473228923,9.812365173662974,15.057371990394767,23.921693978620198
RCPTESTLORENZ_1172,15.753128870895278,10.304366612258969,15.337436473228923,24.575206418957343
RCPTESTLORENZ_1173,15.970041486522272,11.047644565871954,15.753128870895278,25.36457179014999
RCPTESTLORENZ_1174,16.26947581420104,11.659274675203017,15.970041486522272,26.18733271117276
RCPTESTLORENZ_1175,15.96925861098256,12.009711184610365,16.26947581420104,27.040319499418086
RCPTESTLORENZ_1176,15.818481883057041,12.340730943400104,15.96925861098256,28.36261258897384
RCPTESTLORENZ_1177,15.342873085129154,12.900745289821423,15.818481883057041,29.910558363063938
RCPTESTLORENZ_1178,14.563991729621357,13.42899444878749,15.342873085129154,31.33807057750524
RCPTESTLORENZ_1179,14.161933377122882,13.630229987694022,14.563991729621357,32.88943202233165
RCPTESTLORENZ_1180,13.081788498613292,13.627015811594077,14.161933377122882,34.477316095433075
RCPTESTLORENZ_1181,11.833726461190384,13.207350274008533,13.081788498613292,35.73264214043706
RCPTESTLORENZ_1182,10.216479871764998,13.073301394572189,11.833726461190384,36.7779055426424
RCPTESTLORENZ_1183,8.784725519904148,12.958941142289987,10.216479871764998,37.60763124851285
RCPTESTLORENZ_1184,7.538529798208556,12.800480025294517,8.784725519904148,37.77571305760933
RCPTESTLORENZ_1185,6.418567646131749,12.26291851332082,7.538529798208556,37.86981907617968
RCPTESTLORENZ_1186,4.864806623299607,12.101715815962605,6.418567646131749,37.73966172288177
RCPTESTLORENZ_1187,3.756774334407434,11.249089830509638,4.864806623299607,37.69900357922863
RCPTESTLORENZ_1188,2.6809626776491453,11.01829404746987,3.756774334407434,37.17027077359933
RCPTESTLORENZ_1189,1.716721579474157,10.327643439021488,2.6809626776491453,36.685698538325084
RCPTESTLORENZ_1190,1.026311553377092,9.494654827948374,1.716721579474157,35.75859632789175
RCPTESTLORENZ_1191,0.2882827153363856,8.61832188333484,1.026311553377092,34.607438268975464
RCPTESTLORENZ_1192,0.20693993940189476,7.339261877378437,0.2882827153363856,33.4752635447315
RCPTESTLORENZ_1193,0.13297905227786133,6.512046727440682,0.20693993940189476,32.557271520574105
RCPTESTLORENZ_1194,-0.03713216731696976,5.659399587306547,0.13297905227786133,31.734779631681022
RCPTESTLORENZ_1195,-0.2779658491277826,5.082965306717403,-0.03713216731696976,30.842541488196925
RCPTESTLORENZ_1196,-0.09533725294555345,4.447365313423001,-0.2779658491277826,29.739830287629673
RCPTESTLORENZ_1197,-0.18738531174620904,4.351886251807496,-0.09533725294555345,29.036686186240246
RCPTESTLORENZ_1198,0.28977227739796907,3.805594907449499,-0.18738531174620904,27.964701953366017
RCPTESTLORENZ_1199,0.18639474898546374,3.571052817415383,0.28977227739796907,27.11141878246328
