,NPP_ANNUAL,PoTemp_AnnSea,PoDens_AnnSea,Salinity_AnnSea,upVelo_AnnSea,VEddyDiff_AnnSea,ZonCur_AnnSea,ZonWindStr_AnnSea,MerCur_AnnSea,MerWindStr_AnnSea,SST_AnnSea,TotalHeat_AnnSea,Shortwave_AnnSea,NetUpwardWaterFlux_AnnSea,SeaSurfaceThermostericHeight_AnnSea,SeaSurfaceStericHeight_AnnSea,SSH_AnnSea,SSS_AnnSea,SurfaceSaltFlux_AnnSea,MLD_AnnSea,NetSurfaceHeatFlux_AnnSea,BaroclinicDynamicHeight_AnnSea,SurfacePressure_AnnSea,StratIndex_AnnSea
LABEL,Annual net primary production (gC $\text{year}^{-1}$),Annual potential temperature (K),Annual potential density (kg/m$^3$),Annual salinity (psu),Annual upward velocity (m/s),Annual vertical eddy diffusivity ($m2/s$),Annual zonal current (m/s),Annual zonal wind stress (N/m$^2$),Annual meridional current (m/s),Annual meridional wind stress (N/m$^2$),Annual sea surface temperature (K),Annual net downward total heat flux (W/m$^2$),Annual net downward shortwave flux (W/m$^2$),Annual net upward water flux (mm/s),Annual sea surface thermosteric height (m),Annual sea surface steric height (m),Annual sea surface height (m),Annual sea surface salinity (psu),Annual surface salt flux (Kg/m2/s),Annual mixed layer depth (m),Annual >net surface heat flux (W/m$^2$),Annual baroclinic dynamical height (m),Annual surface pressure (Pa),Annual stratification index (s$^{-1}$)
UNIT,g / yr,K,kg / m^3,,m/s,m^2 / s,m/s,N / m^2,m/s,N / m^2,K,W / m^2,W / m^2,mm/s,m,m,m,,kg/m^2/s,m,W / m^2,m,Pa,s^-1
HIST_1986,31.82082490529877,285.64217280801233,1029.0677273573554,38.33517166036167,7.206407430962879e-07,0.6566199954127631,0.003841401129189789,0.053602815651140445,0.0021064646539621897,-0.05364955520912529,290.26924423933855,-15.94843401652691,173.68435207162992,3.0953697889198776e-05,-37.360479949661304,-0.07307455876523529,-0.12115654576255522,38.00365042403814,0.0011762288603808513,68.6090313288405,-18.162649710722558,-36.31293445674068,394.1400840925138,1.3054364664441525
HIST_1987,30.095264211096985,285.68291441586666,1029.0601318068561,38.333525802474384,-9.250365802435722e-08,0.4677462894809556,0.0023323367279026916,0.07510437249491506,0.0020884515309197637,-0.0625823261663348,290.04837060690585,-25.54815163221019,170.21878956205023,2.8117370064153924e-05,-37.35229838707147,-0.04496351119005145,-0.1010328431149263,37.86317296736739,0.0010642348317268305,50.14984983992238,-27.533550216194143,-36.29405529052604,257.7648661361735,1.5250038951403466
HIST_1988,30.8671131573908,285.6125708455295,1029.0568419071092,38.32156528822663,-2.3425288874923183e-08,0.3513001257263369,0.0007124040817109206,0.055899618589100655,0.002149979821645301,-0.049044988799334305,290.265022940533,-9.520007395996046,170.20036040180267,2.9593164691936317e-05,-37.3303749629744,-0.019271023856563093,-0.09613202661533214,37.698196076151135,0.001116199675714411,37.40546253292213,-11.615783967834663,-36.27064197719716,319.2927479952157,1.7791559446137124
HIST_1989,30.75302676007411,285.65098866184866,1029.053023751844,38.32373507087108,7.745566722992827e-07,0.34459006072835024,0.0015348957983808962,0.01716133134326673,0.0024577539443707535,-0.06514636586027917,290.1978501217048,-24.344831015359336,167.6818112017786,2.3727066533209367e-05,-37.32252367852482,-0.05594728796143583,-0.12147046172965385,37.67667412408825,0.000895017496277117,34.957989619956706,-25.952258174399713,-36.26125322588231,666.8564131478477,1.8523737873833472
HIST_1990,33.48412384835502,285.55426361494676,1029.061843519686,38.32041929433607,4.962878795575444e-07,0.37095283299000165,0.0007183325380238075,0.04460546590833778,0.0025760433650281788,-0.05149547060610067,290.052288135391,-2.2087207802247555,176.6858252929248,3.0973337707765496e-05,-37.323422907768816,-0.06002816727206078,-0.11883292841740922,37.82678205651476,0.0011718550583707074,40.63392142750962,-4.438004349693703,-36.27775554611139,551.9908863682092,1.676566515320825
HIST_1991,30.41492978051738,285.6632431752829,1029.0555964036512,38.332648906598145,1.367046630112753e-06,0.30425538976190275,-0.0002906724956161691,0.04000398463310321,0.0023866760756606122,-0.0421681699267445,290.3900035597229,-1.8664753222267283,167.33621699391446,2.0880605608492425e-05,-37.3060663302548,-0.03194718369313856,-0.09899392819780996,37.815723665716355,0.0007905056139525642,34.943514819834235,-3.4460632563374425,-36.26778073294888,184.03916551197227,1.7733713980485872
HIST_1992,32.94540243476157,285.76943685742424,1029.0502231106468,38.34457462718726,-2.373046935032579e-07,0.3764823139917451,0.0048591011528896656,0.0619696216953839,0.0039574632270612895,-0.048276253231926566,290.026532478576,-22.304955860619962,169.05774217419867,3.1729089732679526e-05,-37.29790067942558,-0.02646720994932748,-0.09478591897942269,37.86434354986167,0.0012014917132911517,40.02653255161876,-24.486919331609915,-36.26368652827561,292.75843721192655,1.7852646948582804
HIST_1993,30.761204731747725,285.70208159118164,1029.0514652061731,38.33544225149349,-1.5495501902246643e-08,0.49314584460211236,0.0014977615844049097,0.0678162965178708,0.0024515505614526828,-0.050516461635099624,290.36789077313034,-27.49163403013637,173.73038609553117,3.428010521086028e-05,-37.29265854056331,-0.009340445125703405,-0.08235448861346562,37.85143360225513,0.0012979678411424273,49.961715968670426,-29.989444367464774,-36.25590256665616,357.7997379060098,1.836399493891777
HIST_1994,33.4442703416498,285.7978244105823,1029.0434193246558,38.340987551112455,3.834691584282254e-07,0.43215064164685546,0.003971070258470819,0.06029710155931517,0.0018968251101190011,-0.05414248132653328,289.5831114486872,-25.026117345609453,167.64462995961495,2.4288517471676734e-05,-37.29606260819155,-0.019781553992040908,-0.08640028868036286,37.718042279406596,0.0009169459652787477,42.94770328744841,-26.555222464205904,-36.2472762040156,287.40258279054945,1.9043124349894955
HIST_1995,32.97526127985182,285.72090171534734,1029.0546854250847,38.33737039592989,1.4912685372529545e-06,0.5313972637784901,0.002686520880371364,0.05448899990064847,0.0032086254981699143,-0.0645719007805752,289.9241105060628,-36.93363789394773,172.73155030405013,3.145216747398079e-05,-37.325869680959926,-0.04356185471487351,-0.10776876225205369,37.83904690039343,0.001190712686733015,52.68177310914928,-39.15589224468436,-36.27565363868985,299.9227032426438,1.617769952119383
HIST_1996,36.73731599245168,285.6681603716712,1029.0590102518634,38.33194685762977,3.0806399931835937e-07,0.5292738457583699,3.1714372547490106e-06,0.04094940554314838,0.0019045080273439852,-0.06679518836101932,289.8417795678273,-18.193792287212172,173.55633872305933,3.2253231828032355e-05,-37.3351570647288,-0.04920060021320676,-0.1202220957888222,37.83257553324103,0.0012207480704682363,54.14099670125154,-20.382531846586915,-36.28193408578507,531.967646991572,1.563723219210872
HIST_1997,31.866547262868792,285.6605540283401,1029.0579608819235,38.32973441370804,6.627037087369419e-08,0.5461247438340224,-0.0006558391816188037,0.05747207612425607,0.0015139808218796397,-0.058908989772371655,290.1481645295636,-24.830973981526594,171.1953984172295,3.0822544111841585e-05,-37.334295455030485,-0.043044951020073496,-0.11104141370926746,37.88381026976331,0.0011680598438165762,56.77585686719862,-26.94906386589203,-36.27790583277739,377.4763106138191,1.5904480771438534
HIST_1998,30.73327750955997,285.75002743456577,1029.0506703057342,38.3357787008748,1.08762758999868e-06,0.4459695051146711,0.002979001550043479,0.05202146593731387,0.0035700390603342867,-0.07584275050341455,290.0184550015537,-28.9964672559483,176.85896144896003,3.3848200767061144e-05,-37.33135160645193,-0.0296127048746318,-0.10773512073536148,37.87557472151317,0.0012828448266132284,43.819985313882974,-31.341293626739212,-36.26810483628297,316.40537512648564,1.6924415894444123
HIST_1999,32.746070524263644,285.73573567567786,1029.0504425488773,38.33455904292187,7.084405120416351e-07,0.37783131479113985,0.002795099396643191,0.04051336957373611,0.0029225510680336046,-0.05225701775424477,290.41463087424455,-10.729584302898859,174.86449760581183,2.83737924622834e-05,-37.321778001328845,-0.03174433072725012,-0.1135636869803204,37.765895929184786,0.0010728355258763742,38.75715091771914,-12.759304714236805,-36.26272391053283,410.2918697469221,1.7601374398110037
HIST_2000,29.194812566183767,285.72518859602,1029.0494424819185,38.332788646049224,4.932100056376072e-07,0.3271594977801677,0.002609797558750461,0.044635602290133816,0.0028880698896722712,-0.036009508468557175,290.035669549617,-13.103549673957875,166.5237200943443,2.2301696216681273e-05,-37.31236624997016,-0.010627387760527898,-0.09972280764174225,37.66787720657085,0.0008411929414874275,35.0908006635309,-14.618080374074413,-36.25549752512724,33.11495630048114,1.8491217149981791
HIST_2001,31.831984689888067,285.76911120690596,1029.0452410571156,38.33563131149507,2.870946937525049e-07,0.36648864090163563,0.0031843875901679383,0.05323506959085897,0.0042659868372011776,-0.05974881522854576,290.2947047893397,-18.36260632911858,174.3556028922859,3.0228984001193863e-05,-37.30890227198728,-0.0032254664177732255,-0.10204315058993003,37.68129915082574,0.0011393463171528936,38.50052867324166,-20.487043166422087,-36.24885502515159,436.8617534108664,1.9081506923805636
HIST_2002,30.012200651364758,285.83344604992936,1029.0385652468665,38.339830340368884,9.943412100172252e-07,0.40119419094879427,0.004147522059366308,0.04734562525529609,0.0035707250521646743,-0.04894015297148148,290.4657924486338,-15.274378997099326,173.89177940335443,2.71091915861576e-05,-37.30280097972912,-0.0032859960967570427,-0.09857682449328535,37.740622900183716,0.0010235475978915053,39.34123560428404,-17.15003564158708,-36.238966353359814,338.47606878216897,1.9826005571027405
HIST_2003,29.432917877505822,285.74900949469674,1029.0426253725363,38.33029755382697,9.794473856538734e-07,0.3698261277613837,0.00443420468545598,0.055519340910434,0.0028412014143352872,-0.05067339681576702,290.01638470381585,-12.458652992066735,175.36838592796275,2.505820066783213e-05,-37.30055965613351,-0.00400619618705567,-0.09666431795727976,37.674568641145825,0.0009445594093693079,42.0858469019108,-14.150822979583744,-36.23629225734833,200.9135680231933,2.0061423848480353
HIST_2004,32.233026367717166,285.7715408947028,1029.046577983845,38.33871112038202,7.644040153688417e-07,0.45214095502696816,0.0036769345803733897,0.05927144569036467,0.003989596389287099,-0.062294415173849954,290.02406995454425,-18.09852431347214,175.07325750228455,3.218325335181505e-05,-37.30151039228446,-0.017402756621526017,-0.11688294318449242,37.78676955757941,0.0012155388714047634,45.07197641022614,-20.408085984410587,-36.25036836789067,278.2578752372483,1.8692752846240013
HIST_2005,30.720422049654275,285.79657341928913,1029.0391272355532,38.33680577556691,-1.2961242270254263e-07,0.39102628537917955,0.00546789728463388,0.04269390537720608,0.004455911401431624,-0.039742941315816994,290.97412614097914,-9.980948704482632,176.18478401119413,2.804603009232986e-05,-37.28248109456408,0.004273392444554635,-0.09726900903981961,37.81379253298766,0.0010619010254496247,40.61884973831665,-12.02548592609553,-36.227841111208214,385.6170135451948,2.04442346194748
RCP85_2006,30.54555004707557,285.77997660493617,1029.0402613316217,38.33430675615226,8.884277065566319e-08,0.5010751652400637,0.003713295546354938,0.05397261210374562,0.002747461145729326,-0.0823434888261292,290.36850295480804,-38.884201757125936,172.42265959745893,3.3935090292334e-05,-37.28789214942501,-0.012836625270851512,-0.10592567332617217,37.84166136457324,0.0012841197983032853,49.02023074277294,-41.189242957350274,-36.23012386897043,368.99658709693546,1.9999416944836756
RCP85_2007,32.7709498471195,285.7397730150823,1029.045725450226,38.331513579185874,1.539352923693625e-06,0.5792572982960631,0.0029252366503677205,0.05359678056833456,0.0025631295177323023,-0.059801591018323046,290.1479092313537,-22.597839478937647,174.79049014023803,2.7931250799780155e-05,-37.303918678903784,-0.027694856195704377,-0.1183306725258874,37.82891251900254,0.001057158832949304,55.94126642049806,-24.582924835797606,-36.2434931094141,316.3454769410275,1.8936462931557783
RCP85_2008,32.510884200387856,285.6449199057366,1029.0549813784867,38.32633234321547,7.600185655455953e-07,0.5506789344516682,0.001049864702518399,0.05757243501275587,0.0029973880427412686,-0.05974315247074767,289.9136918789618,-30.90230599146931,171.67058484623453,2.6669393991913362e-05,-37.312806103901565,-0.03968029119607062,-0.13519782254920476,37.81265276023215,0.001009992906088714,57.38493290881787,-32.67057156521835,-36.260411959809,314.07932102364566,1.7308867764840419
RCP85_2009,31.2463775512209,285.69918578244307,1029.0470307705223,38.32771912147532,2.4786429351882383e-07,0.33007885364232786,0.002345276381889326,0.04298228666160789,0.002415122415806546,-0.05521029048738212,290.54601602993677,-5.494811698088295,175.1877590410358,2.8478377095193688e-05,-37.29704717464373,-0.019531803453337715,-0.12155628684802179,37.879141335864205,0.0010790663414493513,35.32804327734627,-7.521902678123649,-36.24012738499856,556.507208867884,1.9160703279541869
RCP85_2010,31.84424980269296,285.78233479108275,1029.0392439265365,38.333074692700514,2.8494326421416576e-07,0.4533741408610053,0.0036914262972154023,0.041077179090069006,0.003929532748743906,-0.039911660926338244,290.45353400699,-22.033814716314478,169.6904166580628,2.8586525804281975e-05,-37.29024206803895,0.0066706454441392265,-0.09612205921576442,37.787073212630936,0.0010809558378340124,46.51163017190076,-24.156224114830895,-36.22791347577528,212.49431483337096,2.0362670130865483
RCP85_2011,33.84739677880608,285.7009542608122,1029.0495054571252,38.327953301468824,1.3927045736799055e-06,0.6330022652702483,0.0035272571750543523,0.057861366381989285,0.003165271425825119,-0.086752620992085,290.15413907461254,-42.19952718257747,180.60069065966925,3.647129377917515e-05,-37.31684249459017,-0.04571994141996442,-0.13277057584604074,37.86727605848169,0.0013811609261505657,60.37496828478629,-44.629918164315626,-36.25267108660334,576.948294251823,1.7977500030919416
RCP85_2012,36.21277306235278,285.7640120459,1029.0449854051221,38.335758472277156,5.185197967460599e-08,0.40697027996464075,0.0028206230872988595,0.07005398743334021,0.0031879957260920917,-0.06609606685418572,290.611928904447,-17.791358250866992,182.22105527436364,3.716809617289255e-05,-37.302870256395465,-0.011300672858939124,-0.10841219112362968,37.98322134226401,0.0014126274739314692,43.50778529084446,-20.481064739147385,-36.24611955966609,430.6983684355567,1.866874431207747
RCP85_2013,33.06308082678442,285.81480285185796,1029.0394306378903,38.33965292389153,1.070518289248235e-06,0.406246765430136,0.002869715445743699,0.0511695941614014,0.004328460338319005,-0.051197555826309186,290.2948925233813,6.95682891901097,174.40221032839122,2.6735980101457262e-05,-37.286834092113814,-0.01837116333487549,-0.1171065339769109,37.94411670811512,0.0010149190208947288,42.558863019174424,5.084622088902041,-36.2327182400231,288.19138467941906,1.982380938554058
RCP85_2014,34.08027264142741,285.74021293546747,1029.0505045139525,38.33832826422572,6.445508202862727e-07,0.8455730674940971,0.003730624306505471,0.07021780684722656,0.004311353868941966,-0.06994741762883462,290.6713542723885,-48.799578418084614,176.656762644062,3.4463578928097625e-05,-37.305428102526236,-0.05054413831533857,-0.146457903479075,38.106687747024885,0.0013136428388926733,77.88517609168443,-51.12847435078405,-36.25896986125857,395.7930760229343,1.6787081821634648
RCP85_2015,32.373762114997085,285.6474558587727,1029.0521421037583,38.32569760755153,1.171437495222352e-06,0.6702096299241237,-0.0016298438911257884,0.058097561583382945,0.002611344772464919,-0.06361382742018093,290.36436161618843,-9.293373712203923,176.8351262889772,3.394773907857284e-05,-37.30016377880045,-0.03657059540160706,-0.13815544214043723,38.05467730986574,0.0012921469845494622,66.94387475866738,-11.719866349144493,-36.24915020536253,416.8880034981067,1.785547101679578
RCP85_2016,33.81854248761062,285.70905429931776,1029.0470412596078,38.33056823006533,1.6887512417819218e-07,0.49275782372061805,0.001139230709996877,0.05182789243572732,0.002464366162174521,-0.04211263032442188,290.3412472804396,-16.93918207206029,174.22898416436578,2.5902390371619995e-05,-37.291660394388245,-0.015962869346238633,-0.1118929188740805,38.013151542717345,0.0009850576715622272,51.407206797015,-18.73131148624238,-36.24007681524157,334.17408654855865,1.8845774362491596
RCP85_2017,36.47147264885098,285.7439212744955,1029.0448551507563,38.33165048206847,1.0351503226222146e-06,0.591279062362095,0.0013097347807901236,0.06303215139719937,0.00331868666201916,-0.0722138243850815,290.2743511048492,-36.33075352414181,175.21462355575596,3.659378751067825e-05,-37.30411075089069,-0.019423369431597316,-0.11423704099256088,37.96183443833047,0.0013897412984698702,60.914206363309226,-38.896299050731216,-36.24177362655889,227.31501649726283,1.8476658498842233
RCP85_2018,34.4227320039466,285.67375943736175,1029.0489607481954,38.324509129483054,3.8734869147539163e-07,0.48804712093734515,0.00022758095185588202,0.032745274777147185,0.003205608153650607,-0.05883503702166515,290.2535402741829,-18.757265183292745,176.3543996853449,2.855754841887324e-05,-37.30561487364968,-0.037143459520959515,-0.12313107151055633,37.97749111153416,0.0010851454816428025,48.8987095118083,-20.763582939205563,-36.24313860060898,621.9805261391535,1.834574019795642
RCP85_2019,30.8576097252847,285.7750536622578,1029.035899943189,38.32788756602592,-2.2109771713438195e-07,0.34771984242036524,0.0033596326088592464,0.056859640146545265,0.0013732319088153768,-0.041566940906940957,290.6037514643519,-2.848383732465823,175.84599146121553,2.254198137435261e-05,-37.28829274547627,0.020583733690047897,-0.08057697860032986,37.91157880746535,0.0008576489333991125,37.15619027350934,-4.500530510306302,-36.21559418814425,447.1959309304255,2.0882269210752167
RCP85_2020,30.99900517748196,285.85347495503026,1029.029660356614,38.334945119704756,1.1155334127384465e-06,0.3468967794288603,0.003999699784162282,0.04925954788569976,0.003910509323911579,-0.060946415034439906,290.61472134821133,-19.624278397359454,172.40056454234048,2.7974537484747346e-05,-37.2830917629742,0.0057790188123364675,-0.10392272239604844,37.76369024364162,0.0010571321055197317,36.28494848504096,-21.699315699868627,-36.20983421704176,459.6418513784235,2.2112640079193135
RCP85_2021,32.64436695230029,285.80936049613797,1029.0391155257423,38.337933195098856,1.1251995780806773e-06,0.46173581406156394,0.004848671296418029,0.05149502300546727,0.0037383017428975914,-0.0701169828633856,290.0961211844507,-22.882550385638424,173.58480881781296,3.241863503373291e-05,-37.28730788014244,-0.0318904771463697,-0.1209088197437724,37.9465176037769,0.0012307049281725505,45.83109970934811,-25.147052287948814,-36.22979050045844,481.44253211156314,1.9722254719144807
RCP85_2022,35.16316631636837,285.80524473709653,1029.0409627563151,38.34066774679195,7.37238576951132e-07,0.3893650890397856,0.005659891469545955,0.043033006869349424,0.005175549349461084,-0.03261643989948223,290.51197227513717,1.4975464000552368,177.34087629820783,2.879947778593183e-05,-37.28046616486401,-0.006779655867058948,-0.09684170248114793,38.00895618249446,0.0010953139528183714,44.04552927840594,-0.5174384912690897,-36.23228630268538,295.75050844663986,1.9038873269496936
RCP85_2023,33.51755868038573,285.81757268466936,1029.037463216509,38.339301739701554,3.2956782788883885e-07,0.5107345334652764,0.004333797335911551,0.03813887622356323,0.0037544771302960582,-0.05598639676142086,290.4011057054813,-19.94511032342615,180.6872083858807,3.777844304022763e-05,-37.27519602946262,-0.009315957624945827,-0.09402642310573164,37.95387934357469,0.0014343951435709223,52.015116743160426,-22.548272228395643,-36.222636051610706,476.67663051148895,1.9718910695175185
RCP85_2024,32.689267585715896,285.8947134497281,1029.0324518114137,38.3483321038672,2.1954004642078604e-07,0.430249603627341,0.004902555380093487,0.06401444302141508,0.003801106477405997,-0.05669936998139875,290.6902355893555,-19.703706535982366,176.11158541470826,3.518707168099019e-05,-37.267397029379254,0.015526760025451206,-0.08799800785864301,37.94194866379569,0.0013355091374071325,45.672544058068056,-22.312494052925253,-36.219818686744134,319.7426856019935,2.0085769034808916
RCP85_2025,31.838848327152157,285.76597242805144,1029.0408832945332,38.33471019989108,4.334711267708303e-07,0.6203997760783112,0.003104513350881514,0.04294369406231973,0.002658230217623791,-0.06877967732705383,290.6785024211717,-31.118600434679795,166.99332992704734,2.5339686527252198e-05,-37.27876792617619,-0.014616936225168011,-0.10934629520690001,37.839063636096725,0.0009604467413206328,61.34308636311182,-32.84078692487002,-36.22643927659952,425.04682224115174,1.9254348253247353
RCP85_2026,30.459054657018797,285.74683419880415,1029.0428887852236,38.334071670508905,-1.3868421449516382e-07,0.4412516324570732,0.00173100649280826,0.03796822662672478,0.0035128441026525976,-0.0677965963011323,290.4225220910006,-32.302744881817176,176.22538872433927,3.0159842363546775e-05,-37.273921677480686,-0.031100743357583203,-0.12199965991138892,37.826599724017385,0.0011412847083152363,46.2168166990343,-34.44228861130195,-36.22611398935731,381.3125390937803,1.9419192849331277
RCP85_2027,33.76685608365597,285.84619413322554,1029.0401086459497,38.3493629042113,3.142709895935339e-07,0.34176999624329896,0.004220385325538797,0.033896156651633945,0.003829536263863104,-0.04099338631218051,290.6472946849639,-2.0960165692584702,174.43693158294786,2.6446891488042787e-05,-37.26417140312452,-0.02950281012011947,-0.11623393901486562,37.95402299465777,0.0010045864100626473,38.9078691187924,-4.102074241340137,-36.231202765247986,496.173520720231,1.8908216752771516
RCP85_2028,31.20056647511725,285.88760446771676,1029.032962687733,38.350966223637236,5.780674728698688e-07,0.3355865811226798,0.005908839523635197,0.034273978466390395,0.005232201584538451,-0.03520682647929062,291.063165647756,-3.841700877363742,176.40427261074674,2.7422422988637148e-05,-37.243387887682054,0.007390913193368211,-0.09300164801631007,37.85327426975387,0.0010399416704589845,34.707307093616,-5.844575371260682,-36.21176680000635,601.9741581169503,2.0364784314290514
RCP85_2029,31.98752905429473,285.8376075322582,1029.0344482493167,38.345683050912065,-5.369568233544624e-07,0.3906870534718705,0.0031469394074683343,0.05761536024585159,0.003078064670695476,-0.06611204747497519,290.6818272585748,-28.789255922333407,174.56189713777857,3.1179619075196875e-05,-37.23433863537769,0.006609679741237757,-0.09074171186716912,37.776606719440935,0.0011790340140720521,42.37956305086361,-31.071663797312336,-36.20548049986074,444.41597461984804,2.091362469704096
RCP85_2030,32.20395178388378,285.82870082812195,1029.0353194981835,38.34626852544179,-6.135242938160205e-08,0.3985723625169785,0.00406755232117224,0.05886913968391245,0.002975553416852967,-0.05570670322091424,290.79310504942447,-19.51619983742386,174.7568402568531,3.4678771955700666e-05,-37.22792062002161,0.028509396117929194,-0.07657272972065048,37.903996595752574,0.0013150160836054464,39.712373476027906,-22.031136577221282,-36.2045488137638,161.00280856434796,2.077398133445492
RCP85_2031,35.41041906610249,285.8304585221574,1029.0410974586957,38.35369720269491,8.787418813013828e-07,0.40344854081808956,0.003528907282972808,0.04813242986838811,0.004422788576567855,-0.055831267265782435,290.74852940849127,-14.969881887010668,178.12214471908817,3.7298961923042055e-05,-37.226120829669924,0.01725815908944705,-0.10235953217963104,38.022693190189976,0.0014182261180511644,42.08076056276792,-17.666770489485454,-36.21983297463327,494.52641348698273,1.9205754515124966
RCP85_2032,32.62599708399649,285.9295970837273,1029.0304408982538,38.35946423045573,3.7363059560911826e-07,0.4607497660250881,0.004020131747709813,0.04862121062108616,0.003554950785828059,-0.05107241444259773,290.8551001214748,-17.572335363094577,174.38399769103097,2.68987830172037e-05,-37.215242949325685,0.031885953590594755,-0.0848126125648896,37.80382550087265,0.0010168203092858453,48.48567051673501,-19.62136610986569,-36.202730027717145,359.3249567604858,2.0930624187833127
RCP85_2033,28.518161379621034,285.9379792984494,1029.027542064889,38.35989896128031,1.4494899800430078e-06,0.32252708205013725,0.0022462766532618654,0.0437258389724029,0.004701793100990399,-0.06120219872062495,291.533290395856,-23.173343528038345,173.00312813642816,2.74810133704128e-05,-37.20000832333859,0.031334506270678124,-0.0911931824086796,37.81085198241175,0.0010399505105899314,34.10681799563402,-25.189151452659942,-36.19168841682822,426.9780642227386,2.231654998947338
RCP85_2034,29.304130920901308,285.8382669253024,1029.0375572281998,38.353108515606266,-3.739265861542239e-07,0.5044810983885762,0.003277188338033056,0.05140941416001501,0.0030132462604258742,-0.057254217832646,290.6014362711443,-22.589312938270908,179.06573057626892,3.436145253699185e-05,-37.21124077008518,0.009305934022955185,-0.10022239014027255,37.94553625089857,0.0013036834684889832,52.61755626469303,-25.147566070250218,-36.20659715138271,319.11259221611203,2.0203190367759754
RCP85_2035,32.00660297348215,285.8254965801201,1029.035004682653,38.348058912068794,7.053072742673979e-07,0.40426363499579326,0.003936509290067706,0.059781320410598034,0.0026898993783772045,-0.06056755398109254,291.152848288573,-26.01779459595719,174.86520114760216,3.4703466668452135e-05,-37.21134333482678,0.04144408026464062,-0.07223303380632902,37.97591976178505,0.0013179088030825892,43.52007912888391,-28.55960980319657,-36.197881072596665,365.1737935368982,2.076489202641268
RCP85_2036,31.37326237302327,285.9176679467149,1029.032092615669,38.36009269308694,1.150026207048817e-06,0.4179163607389988,0.0034240850117267323,0.057534786183307166,0.004018656708050671,-0.06112017360335412,291.0174992151356,-26.8268353770852,172.43961990657633,3.433594774155007e-05,-37.20712769800838,0.04182542340454204,-0.08293608816831859,37.9570314251271,0.001303913450319492,43.068422536075566,-29.396250967371454,-36.201236739352126,254.0139701141613,2.0847425253072673
RCP85_2037,32.221447919688835,285.9466167149821,1029.0304100063004,38.364008544519606,1.5793792815815535e-06,0.3484438397380456,0.002722871484100557,0.03847805037632442,0.0038374539819127085,-0.05036896029955729,290.88448991972905,6.798684559477524,176.261164398498,2.5459629479136667e-05,-37.20315020075282,0.030968530839497965,-0.09671971827782332,37.88103700769242,0.0009651429745773663,38.01344595546856,4.86952316725618,-36.200974278162725,484.0176843307191,2.1047958451503894
RCP85_2038,29.34958773257363,285.98406686142346,1029.0218863224943,38.36303274657858,-3.423094374120427e-07,0.33825688310375934,0.0024943614990982576,0.05989736017511256,0.004187378347508878,-0.03827025660734489,291.09732400342926,-18.18754150792492,169.78878050540166,2.7609999190859785e-05,-37.18872544544359,0.0630528560381817,-0.06892623197584233,37.79353852055498,0.001044032563055782,36.33907139312929,-20.11336272160295,-36.18037345537944,88.5869276815371,2.3039949203583054
RCP85_2039,28.401570073749134,285.98292495115743,1029.0199820965452,38.36103292112988,1.1897212003865626e-06,0.3946712277694252,0.0019354891982197569,0.02174842605967258,0.0027111743155891696,-0.05856742638700238,291.39951275011504,-25.139762623548386,173.6092147050211,2.9772300539124117e-05,-37.18392992587438,0.052043745003329325,-0.07983806647184843,37.82841885425922,0.0011262661949645008,39.76937603538459,-27.412950298723946,-36.17285492440802,534.5313745361228,2.332122165141242
RCP85_2040,29.185757539331107,285.9548514790924,1029.0223786069087,38.360623780489995,1.9645261341014883e-07,0.3016156943295075,0.0029602515971683266,0.03909053771447164,0.0026700860446470286,-0.0494172117270907,291.32278166714605,1.9132998016566738,179.87964643296385,3.2100054089555976e-05,-37.16678392576282,0.056363268691518434,-0.06949275189775357,37.82068016200835,0.0012151373191464719,32.16867386758204,-0.503845964535536,-36.167283647807324,622.1213321857339,2.4175846280962334
RCP85_2041,31.93691350655172,286.0120707172797,1029.0214842874557,38.370323282914775,2.7184294105400587e-07,0.4141042831772687,0.0034385960196879088,0.05918534803032315,0.0036015228155655723,-0.046639755514324956,290.89982562069855,-13.303297171060766,175.17841230806752,3.2287305891514685e-05,-37.163664448675604,0.06942477682953768,-0.06380745681598006,37.985691110990324,0.0012274984006357499,42.655472578640676,-15.643986411285148,-36.17401514398649,348.36259722627335,2.311331593309699
RCP85_2042,31.678306988982367,285.94377004656627,1029.0323126702365,38.36872993539258,1.2604953970359648e-06,0.8121929239729255,0.0054152471863678124,0.07347085789083899,0.0027903681795122546,-0.09321151192945534,290.69676060111897,-32.79491293033577,177.41451550005348,4.281246973638969e-05,-37.18351896262252,0.025197647987610487,-0.09423371582165006,38.0794064432391,0.0016308533990682717,76.17246578981697,-35.804661933489925,-36.19913652717403,506.1650724805544,2.0174033567422835
RCP85_2043,32.60576551581113,285.9073353275617,1029.0357497642246,38.36510907116612,2.1238533411397127e-06,0.5057672004983536,0.002490032158330278,0.04709560137900976,0.003721308390006735,-0.08062787861269363,291.2210067151548,-31.418545021041098,174.85864585895806,3.370758695054964e-05,-37.196417646539416,0.0289215343989539,-0.0896819456145512,38.091517835475635,0.0012856287047596463,52.36006042941753,-33.87265257890783,-36.207441259884526,453.493547773664,1.991333993437115
RCP85_2044,31.190576476530826,285.9819130939729,1029.0310598250903,38.37261562350438,5.532262139379281e-07,0.5675184523067183,0.002046149739525945,0.047442722515351206,0.004132206921941816,-0.05285206081018425,291.07005315664327,-17.47961763873681,170.48586398211185,2.3574944463181492e-05,-37.193714694687785,0.025194389846002238,-0.09708226791541386,37.94747792455226,0.0008962455471741684,59.69857101449719,-19.165597240269236,-36.20571324167737,480.5484675820029,1.987479354567923
RCP85_2045,32.26209285196356,285.87716336183456,1029.0357402821755,38.35965774717429,7.289854007399274e-07,0.7100139142637861,-2.9252466261070237e-05,0.07213812687131546,0.003183999541053175,-0.08049022066157879,291.1951536881709,-57.54289051887524,174.0707434380096,4.040509765710047e-05,-37.19934653259232,0.02092177055493281,-0.09368799540211015,37.93256548043981,0.001534128671696373,69.24284056367084,-60.44869163982496,-36.20358094357861,418.89371720778325,2.008331532442951
RCP85_2046,31.635163649255464,285.8513605510363,1029.0366858291604,38.35602367236778,5.00350751218142e-07,0.48242481864180936,0.0031782057835865324,0.058740825213114356,0.0020362805268115537,-0.06295208828768876,290.84176751927043,-19.331884078050116,180.6724582821455,3.475488980501888e-05,-37.200228664763145,0.029137924009224984,-0.08422491569211679,37.982231330131704,0.0013213685811433633,49.39826061557838,-21.838246819194772,-36.20189336724415,312.4264081390591,1.9809230864770666
RCP85_2047,32.428866552117064,285.87974370008516,1029.0298021969068,38.354951435478334,2.9080460947396896e-07,0.3007371078417107,0.0027153285384905654,0.06365638124645051,0.0034298713977418977,-0.05952760884035395,290.9546192116474,-12.15934059143816,173.62292431668226,3.1876450652124644e-05,-37.183096548760616,0.07590696931108182,-0.055930682797081424,37.85683732990776,0.0012064215064639574,34.62423612290093,-14.518413001411552,-36.181523918280114,245.39922952142194,2.2097406735871785
RCP85_2048,33.1831462278562,285.9404101474926,1029.0220906784184,38.35781603315176,-5.0370450631389064e-08,0.33454091942264363,0.003767116648987185,0.048681100969215824,0.0023800402313422734,-0.06532622590915296,291.31310775992324,-19.38769689946899,182.41905588627336,3.837780098794958e-05,-37.16934973236788,0.0999374058032955,-0.03950178372482126,37.84852251089353,0.0014530697308176947,34.2165510569407,-22.212021739802807,-36.16487198621685,507.12852068621265,2.3770110228874053
RCP85_2049,30.627622806094816,285.96911308445226,1029.0210145011174,38.360913040963936,5.113891452491827e-07,0.3289864809955283,0.0031123462011334244,0.04955320034180121,0.00328557575336115,-0.053163600994642526,291.41071913350544,-14.195148174358962,178.18591011942112,3.215391779092861e-05,-37.16988420572674,0.09835320829570907,-0.048804617921346216,37.77275613099275,0.0012149033609409696,34.742872660343394,-16.61231622553421,-36.16571492622069,399.88297608108167,2.383965686402203
RCP85_2050,27.3224659293558,285.9768513075699,1029.0183955262805,38.36090553366055,4.5272652086548136e-07,0.28140222202957654,0.003799189561635884,0.029543398107236975,0.004055938792386812,-0.041835604256273216,291.66761969983446,6.537464294736413,180.70215232170793,2.730973392753622e-05,-37.15839223599741,0.10286046098463039,-0.04843822970453544,37.72528477696848,0.0010318855556988521,31.720810282641672,4.486085465357107,-36.15621902406246,572.5011000266142,2.462171946991125
RCP85_2051,30.538450993090944,286.0317187442223,1029.0185091684466,38.37157222156428,3.3656805617338817e-07,0.38062981034311966,0.006796090958036613,0.055611757427876746,0.003987345093864754,-0.07313393346620248,291.5804407482598,-30.112228539410907,180.00727488080983,3.881541564653943e-05,-37.15461723742692,0.0782804165554919,-0.0677971369224654,37.80607482731941,0.0014672671671392729,37.39359660441641,-33.09991420232243,-36.16549408329044,518.2859014939926,2.38000086104543
RCP85_2052,25.263485426631068,286.03692671495867,1029.015924666721,38.37377253154307,2.522081307023162e-07,0.26465355585362377,0.004335322874459755,0.02888657337479236,0.003845110374660478,-0.03393788335948936,291.48906501504536,2.7828851562346593,177.84745959368573,3.1047353529741725e-05,-37.12339806997196,0.11367387108296281,-0.03564431929826362,37.840224988210046,0.0011752124393412436,28.75889810830435,0.4390077440383493,-36.14872454864649,600.8065550247663,2.5141383871495524
RCP85_2053,32.74137922813012,286.0153019432836,1029.019917149072,38.37576513641197,6.461305007756167e-07,0.3393152415408571,0.003139617095625502,0.0416162205005437,0.0033524472571236684,-0.03795465740796626,291.679094450237,-22.875826162458928,175.61016452231667,3.04684650486017e-05,-37.119875963009676,0.11802688720392276,-0.034462100155691865,37.880849398280816,0.0011546917291543773,36.965016833943174,-25.251533046044294,-36.15564419008325,566.1870820087745,2.4006187238561343
RCP85_2054,31.07839705355212,285.959764638645,1029.0264027435637,38.37403312726618,9.491993494430943e-07,0.47133924423070844,0.004764209967903047,0.05851000624783744,0.0040073417793792246,-0.06206759682315274,291.3125400050309,-21.33816454101431,176.06149213018602,3.16111973407703e-05,-37.12626676760026,0.09575584858676817,-0.06641285888600368,37.86366597035617,0.001197259557963221,46.693948995525304,-23.62592700905056,-36.1686491556408,191.03006292182715,2.2814702299057075
RCP85_2055,26.462609937761066,286.0400230330441,1029.0086577854665,38.37094499575997,6.57246173577737e-07,0.2635964097904256,0.0006663616548643378,0.03472197355278141,0.004239945117998233,-0.03969788998579961,291.57449146739845,-9.933620893526532,176.27305885162193,3.6386384494222024e-05,-37.08717862019295,0.15363380981357216,-0.01670737945732802,37.60721306114936,0.0013681156242423792,29.61568570069467,-12.78431771823455,-36.117386064165586,406.0120661669771,2.81582330873439
RCP85_2056,29.13799630284108,286.0414517711805,1029.0092141288585,38.370922156122425,2.045121053570293e-06,0.3136335012673239,0.0029231010483044095,0.048123128583164344,0.0037915668145218464,-0.05906019732268884,291.40483383788467,-17.109469104921914,174.04100042350626,2.8626575883836986e-05,-37.09450595778496,0.13363571149747908,-0.030574869808094454,37.607485249165194,0.0010775066108679701,33.183273106268345,-19.241166931120617,-36.12171265127612,321.75766512808474,2.773338466289421
RCP85_2057,29.39525848644947,286.06045908165277,1029.012257743357,38.37867232620292,-8.90109990272477e-08,0.3558522102430637,0.00619447418782933,0.06889967686569337,0.004142508035548531,-0.051716753482939117,291.3580819044397,-29.694212682158767,178.46715714964182,4.0092488433164216e-05,-37.09184816269424,0.15051262542364177,-0.02003491842178946,37.82572059086723,0.0015163901469762054,36.929822064088825,-32.79934874385212,-36.132962233094986,242.87300986900578,2.6122990188247375
RCP85_2058,28.609786599926963,286.0627532922294,1029.0023831419169,38.37256003570694,9.82623949577385e-08,0.298017295354862,0.0029002128255882116,0.048600946266739206,0.0019738035781143516,-0.06260669272434508,291.6262283620165,-11.54583770025037,188.68407096283,4.516547606034367e-05,-37.054537337945085,0.1739012763542585,-0.009024041471905704,37.760340065995784,0.0017066271908492696,30.939966550592157,-15.025325802058926,-36.09376847419877,428.82782961105005,2.9503156983027985
RCP85_2059,33.24025766426006,286.04075034829515,1029.0142789994277,38.380501861565946,1.3259481561308645e-06,0.34168909405183,0.004157523928037496,0.05207666830466016,0.0015880826488422332,-0.05928009142994373,291.3598273440827,-7.97222532541214,181.07145646692095,3.666788076288278e-05,-37.076920388004424,0.14521174759936467,-0.03544624096320792,37.891421562069084,0.0013900862635808154,36.65947570906131,-10.690271393680636,-36.13174510662267,188.323988396998,2.62323532724187
RCP85_2060,28.19002470773531,286.17939437236157,1028.9956640276732,38.38440212999804,9.809719348349357e-07,0.3340981230213714,0.003728860104725764,0.04523718045517128,0.005120056915016159,-0.0633661498394582,291.9125801620756,-23.08861216263981,181.6496086189389,3.7218204999048344e-05,-37.05450423363442,0.17232816846389634,-0.009376750913283698,37.627951010932264,0.0014006120775780157,33.57656982099188,-25.995172020165494,-36.09404713136303,485.70620184918516,2.997665779114354
RCP85_2061,31.76561334240621,286.12456380159983,1028.9977232515,38.37804035262603,1.0667141209554674e-06,0.392031250646182,0.000909137299432397,0.056035186235462026,0.0025404536903882767,-0.05709253177766306,291.6428807851014,-20.151232765297486,180.96587669250346,3.7217277023940747e-05,-37.0504030967309,0.17698104522795485,-0.001954772790974212,37.60957995244108,0.0014012670492891744,38.9511703930404,-22.966592518927456,-36.08923479858346,395.56951400104464,2.9750903370958164
RCP85_2062,32.608874691756505,286.08977017537717,1029.0065961394969,38.38141683273254,1.5221081257621375e-06,0.3359872425458827,0.0018950344510063242,0.0676756025559207,0.003164847957954159,-0.06734604660794664,291.7624668342373,-28.373614016602733,175.12766306014822,2.8378542318882983e-05,-37.06160601700482,0.15816275395030033,-0.025865709605572534,37.708392638469775,0.0010725461091927579,35.928408029052875,-30.395837749218025,-36.112326132352585,341.83005934350683,2.7515621304715
RCP85_2063,28.483299793855384,286.12937847886167,1029.0022007990083,38.3846333848844,9.080069895756426e-07,0.29885412352777185,0.0018504696636516764,0.05205973358976825,0.0033845086776505924,-0.05191273163555188,291.79826352379973,-17.456680394968007,174.1984250755924,3.198261066954244e-05,-37.05216641958261,0.17686024325173805,-0.023499691703465417,37.54777551534283,0.0012011365931399649,31.41778363227248,-20.04631873843878,-36.10419170099355,166.85999042204986,2.8927255126629214
RCP85_2064,26.55898840009497,286.18679028906826,1028.9965118440916,38.389783136287015,8.592031609546006e-07,0.264942663277962,0.003946671130448361,0.052206165790660466,0.004275108613808558,-0.052972685828573646,291.6636851536146,0.9747648236357769,174.56615379177074,2.908144207105096e-05,-37.03530658642045,0.18481841841701072,-0.02065236545207217,37.585814994412985,0.0010938402153670118,29.956829230950333,-1.240824145252727,-36.09173328993995,419.8981710770786,3.01012294402046
RCP85_2065,28.34004748706765,286.1301245584428,1028.9998154645095,38.38551775544197,3.081611704121401e-07,0.30803587283135503,0.0028741510722439384,0.04141610144234001,0.003771186365031678,-0.058928399128518494,292.4805003875577,-14.286751018548468,178.59756068976247,3.8250917076567424e-05,-37.02741974086987,0.2062625397173316,-0.007053319440488674,37.674800327109686,0.0014420550582725936,32.0692327568171,-17.330386576574675,-36.08907769916371,392.08987261974073,2.9929460235481598
RCP85_2066,28.33209710758726,286.1841453382605,1028.9942464978228,38.38829730235601,4.0598740848844294e-07,0.3513104774453277,-0.0007178353701348603,0.05237360010460655,0.0040384315869343755,-0.06545026151631164,291.9003953861751,-30.643979518599544,176.55751769258535,3.297607193857087e-05,-37.02364725539525,0.1952230922767961,-0.015861237632525158,37.588877412525825,0.0012400482931115985,36.47310385035882,-33.25776889469384,-36.08063738706301,280.47385070512837,3.072383656273133
RCP85_2067,25.56523225104832,286.1977069173309,1028.9888372398536,38.3893237494945,1.2286091785495849e-06,0.25298879948016584,0.0013137956023745847,0.04359007419719356,0.003579230442099443,-0.05612626068162023,291.9514910132071,-20.927974209015737,175.35232804526447,3.195332188445577e-05,-36.99999845459011,0.25069813994942114,0.01659290668878304,37.5471390706503,0.0012007025720044457,28.814798060774585,-23.55142199409773,-36.06392931762156,241.4804265677501,3.239886522660509
RCP85_2068,27.791963029943656,286.2683939599819,1028.9851563541101,38.394766876808404,1.7893396241813173e-06,0.34918529511417473,0.004161431634965006,0.04197653455969251,0.0029994400398403818,-0.05149089180827776,291.7538025594082,-9.650489974841715,178.35408995015013,3.553737687224592e-05,-37.004584401757626,0.22945287999567615,0.0024623897278120924,37.67576265832728,0.0013393959894028177,35.35639328558322,-12.32623770332589,-36.06348819847732,595.1231143137668,3.21435830074165
RCP85_2069,27.728687664696544,286.1734369659146,1028.9940711887714,38.38833714453719,9.41258649025858e-07,0.2955880570557775,0.003511358284692577,0.04131837992090092,0.0041657976705136955,-0.05431151119820557,292.29408663065084,-14.161805132990967,175.41291742721754,3.1203128959214075e-05,-37.01048553230885,0.20894099200448255,-0.010277472910868116,37.72267829306165,0.001178744263237142,31.966719031154042,-16.569306628295607,-36.073808126689066,444.30706875979433,3.144763667077469
RCP85_2070,24.635928666441103,286.2261206631794,1028.9830313993948,38.38938684659422,-2.812165487297983e-07,0.28240325035557945,0.004652509165479688,0.0488312747961768,0.003956298997343237,-0.059228915413156516,292.3621996254009,-14.064067283968914,180.97596599489887,3.4872192160131985e-05,-36.976768053674014,0.24154590042881402,0.019554419702255764,37.681038780083185,0.0013144120020189955,29.822172631738564,-16.79599339149889,-36.041517395015696,557.8321814686769,3.4004058734191274
RCP85_2071,29.53581460664364,286.25676736663763,1028.9872273583042,38.39754503968858,9.480007512341715e-07,0.3963145311846136,0.0030276395544475035,0.039271029535177276,0.003670480895683597,-0.06065112832294237,291.8662881940113,-22.374429507122308,176.4729074742577,3.233236452861544e-05,-36.991296808908885,0.21192177147550179,-0.0037240569540512754,37.77186913584455,0.0012221086730456307,38.75699090071545,-24.790275816326933,-36.06307844681672,551.340004410292,3.125376170272065
RCP85_2072,29.241181859481376,286.2636763510075,1028.9892638598856,38.40036886901515,7.813714427861719e-07,0.33543217170247885,0.003745839340996316,0.043798316738118064,0.0054905700742217175,-0.060667062787195386,292.0545801764244,-26.796689576193774,176.49321725041275,3.547183399066009e-05,-36.99761465709741,0.19732632555221635,-0.01350268290542137,37.80195336468124,0.0013419792680590757,34.412130948974735,-29.53841200988904,-36.07216817669817,554.1045141095485,3.0929932649897376
RCP85_2073,28.524029113092546,286.21378102613994,1028.9945839670877,38.39817440802686,2.6940553625819955e-07,0.4174739527708017,0.004819445268869969,0.062471174830374024,0.004298995415423514,-0.05393594916433646,292.0353888128366,-24.374971191861082,177.84089556426756,4.0430640776341415e-05,-36.99783555923644,0.21004375834063121,-0.006198019421819538,37.84136215728953,0.0015296669899057872,42.01034700185389,-27.53635722513814,-36.078441217010365,348.79062380500864,2.998729587050268
RCP85_2074,28.21816599575969,286.2218467635269,1028.985110103177,38.39017210907654,1.618862346085411e-06,0.3802397780557989,-0.0013007186406291114,0.05165368735229217,0.0020973055251682087,-0.0622547310291653,292.0539656655167,-21.069023291244644,178.45227455093394,3.88111518731565e-05,-36.982611396350435,0.2376305451539727,0.012524038774356726,37.712257869698206,0.0014645438977802562,38.12546389764291,-24.085731152080136,-36.04803770621042,348.9644716540534,3.2768140564732633
RCP85_2075,23.97643741218427,286.2500542120804,1028.9751588083857,38.386621325629825,8.836333465711031e-07,0.2161430345114637,0.005758971297305784,0.017193334704002083,0.0030614439487477644,-0.03518626649603743,293.3419617578942,5.677154782892508,174.08819706707,2.703146001078926e-05,-36.959384032438024,0.28119767516567573,0.04624991930046792,37.53793728136072,0.0010163379454051354,24.754560466934734,3.2618663584456797,-36.01763488314825,582.4135204658855,3.631272966309639
RCP85_2076,27.989380668858058,286.25643443259224,1028.9804533640713,38.39355831605051,-2.212429118064929e-07,0.3587832653190902,0.004482565847894643,0.05229161212992675,0.0051469674267519226,-0.06285131902545349,292.6547517906966,-34.28664484322204,180.85717701204427,3.96011793894939e-05,-36.9627806399877,0.270144060997226,0.023943576057506778,37.704777908426635,0.0014936336109005607,35.638830910614736,-37.477645755193066,-36.03403762318637,527.5190893934589,3.4061858466940524
RCP85_2077,27.050751547056244,286.253239093568,1028.981165264992,38.39392040407013,1.420704109385409e-06,0.28135377348459734,0.00013652142134329848,0.036867010556732,0.004002780390066813,-0.05244687328078628,292.6097955230501,-19.96266914873107,169.5023597832483,2.5399361564525687e-05,-36.96097315550742,0.25003875002000764,0.015838239530494007,37.47985460179062,0.0009529398958116474,30.13025182212339,-22.07625101316456,-36.03451948845412,352.54517588545315,3.4054336777188983
RCP85_2078,28.25275580116992,286.2632820751953,1028.9762801034626,38.389172863659034,1.739146305683939e-06,0.3045969675050078,0.0051867007206893,0.04157339156839501,0.0014119900324800023,-0.07518278859030843,292.0113056650682,-29.805582255919273,180.9791803953791,3.9532759052571896e-05,-36.96358082703146,0.261449864208218,0.03012563295182468,37.52517421470081,0.001483437309943684,30.383414218183233,-32.79869767245598,-36.023167646422,727.1937136511348,3.513578647702957
RCP85_2079,29.689680588094983,286.21221606912917,1028.977799787001,38.384316937713706,1.515850839252851e-06,0.23139654047686165,0.004992251119064449,0.059326741162230745,0.0025103691548240626,-0.07087202404042299,292.31259563966864,-9.776870988510176,178.05070167959184,3.670149795016831e-05,-36.957509996856714,0.28091335047778143,0.04037876377573739,37.48120259711757,0.0013766611940123007,26.76389881866773,-12.675062709522745,-36.019146873742,542.1682941217448,3.611959314404629
RCP85_2080,32.38235140054391,286.20831281731563,1028.9918346640748,38.39829502799803,1.1600717852014043e-06,0.3291537061478602,0.006464151298762039,0.03943949573403231,0.004432373906969236,-0.0476804492286172,292.6294116155947,-3.8273585876655964,177.90134440926255,2.5738516496823812e-05,-36.97172233055466,0.2418407225647329,-0.00300517624607503,37.881638329101825,0.0009759225833593978,35.22553434053289,-5.919414479858904,-36.061184424020354,445.4481604647828,3.1977648163971675
RCP85_2081,27.909418013311797,286.21593008868626,1028.979989493625,38.39028526636468,2.647440175942438e-07,0.2842370810324478,0.004271741780413054,0.04648581489751892,0.00472376484967095,-0.06025632875225627,292.73443782395384,-20.054342924135153,176.74069343417813,3.285949534619352e-05,-36.94110473212949,0.27682635328576866,0.02575573917527784,37.75765342805299,0.0012412034618999302,30.615913721544644,-22.669311519904042,-36.020364986007216,387.8145879979512,3.494013255248764
RCP85_2082,28.8702060185856,286.2617832049608,1028.9703645451214,38.3883440880623,1.5680298444837902e-06,0.35709460277677757,0.0024931101635954807,0.05753539633466454,0.0033538102052927225,-0.06395073984278438,292.44989384343666,-30.62892769497195,178.32443393931547,3.743399910679831e-05,-36.92745392711214,0.31502442302350186,0.05065946200131219,37.55517491025199,0.0014047899465672664,37.09753345711276,-33.71235563359915,-35.99632620226238,204.50509302294734,3.7754644676200435
RCP85_2083,28.113257163255703,286.2731338985101,1028.9669008506646,38.38626848146067,1.6447194015157294e-06,0.31405117786895237,0.0027401780641632826,0.028748128178880786,0.002002459038832994,-0.060382166388045486,292.71665734573236,-5.1593964672319395,178.5446705928448,3.288351151991233e-05,-36.91977377794415,0.31856500071181443,0.05675439439936141,37.58949822509793,0.001236033932111267,33.169631076375964,-7.659010604142814,-35.98398515872762,670.6255407119742,3.858080914947105
RCP85_2084,30.700902979452746,286.28055634785864,1028.9735844760612,38.39454146364957,7.295423673504362e-07,0.28862810007894246,0.0027615881667774193,0.04901599318466343,0.002401153501163503,-0.06339161241823167,292.4502770390404,-10.54620133094766,181.8361517858999,3.8737892205765837e-05,-36.92960686964652,0.2901538416865884,0.03191427839095949,37.65775504906735,0.0014605788106098008,30.702259775781616,-13.608486898943184,-36.00780553935812,656.1424290860682,3.6704856288043577
RCP85_2085,27.612577863513422,286.3842081926305,1028.9573429229094,38.39622362016587,8.967139353162516e-07,0.2652390951065652,0.004504944475692269,0.04178479190494112,0.0026574715799915854,-0.052273304379297135,292.5702465467991,-8.32522538212852,176.0798039883728,3.657735901674575e-05,-36.902794042874085,0.3389360087704726,0.06770936918885682,37.46543265653675,0.0013700240656560252,29.036147842355234,-11.277404612851008,-35.97055159149107,653.256116847749,4.029251733062202
RCP85_2086,31.941146120915608,286.357369878142,1028.9708878322103,38.40487331343715,1.12567675474653e-06,0.26758861930793376,0.005418394121501998,0.05290262429581373,0.0041737014798294385,-0.0634800890092948,292.84843708002455,-24.068959105645064,174.7930113013482,3.5810801109776157e-05,-36.929722791103465,0.2922302686124126,0.02293168309909015,37.66047771555936,0.0013496762392242907,29.969529135448916,-26.96143334931484,-36.01400901283581,386.23313993463586,3.695129504278574
RCP85_2087,30.55657054484518,286.31202457666603,1028.9669874101755,38.39505654477681,1.0812286239447205e-06,0.3421307168068345,0.0029336287642621616,0.06026530979162178,-2.7812907653925324e-05,-0.05997113759212592,292.3927662026544,-22.113866207092467,178.526706394798,3.922630384847474e-05,-36.91687865545606,0.3224829527748091,0.05043425750812222,37.59349202200228,0.0014772399875380713,34.2615651309987,-25.18459012420001,-35.99311084965011,464.91289482252483,3.8197345506679383
RCP85_2088,28.3939787863724,286.3458323620514,1028.9607941003528,38.39497652254939,1.308451015696748e-06,0.2699491253863663,0.002005807249377341,0.041841724773981084,0.004676664442094008,-0.048689663470367836,293.0494491996234,-13.181718016504046,181.0227168169185,3.9241715865124245e-05,-36.90221564278605,0.34837569864343143,0.06269596908641221,37.52028759399946,0.0014727950910246668,28.88194512850771,-16.370182612393652,-35.975023861294495,463.1590750667949,4.009249282188703
RCP85_2089,26.32921983110876,286.326689049576,1028.9564523163197,38.38766357491269,4.640516283305029e-07,0.2789117728244599,0.001797208648904774,0.05669714045089609,0.003826551484033176,-0.06429895743488592,292.82085536020367,-32.297191958612665,176.82292854059676,4.138482852730664e-05,-36.89301665831211,0.3726199489616905,0.08474855601030386,37.5213223067621,0.0015539251060123016,29.698963182170164,-35.63386484197912,-35.9562226422312,316.00091664320166,4.197083595768487
RCP85_2090,25.70959809535412,286.4117682369757,1028.9456887780655,38.39183762449192,-4.340098261512469e-07,0.29321585275502854,0.004404926553094571,0.007637427639899843,0.004549030134941484,-0.0511190885107924,293.31565390089787,-34.09909715511108,173.68031509213583,3.347190403247607e-05,-36.875548364138396,0.359398524677593,0.08626407905626908,37.18576787556638,0.0012444499283929878,30.125425743353855,-36.99028205141137,-35.93517637033362,544.2270803193851,4.3672663838825345
RCP85_2091,28.96796752838892,286.3763513608923,1028.9516778267378,38.39307500801527,1.3346766381127575e-06,0.28946577999045636,0.0046758082634414735,0.055518989263084614,0.0005029654209361247,-0.06805394066189226,293.0044012513051,-18.73396206439601,181.26721626483743,3.861923233716038e-05,-36.87189401985414,0.38711957838307104,0.10259573244353284,37.427284460541536,0.001445640182779292,30.619145442551844,-21.868064939431914,-35.94314816141991,468.21580670665116,4.2235500024235915
RCP85_2092,30.983972482325264,286.36294008607183,1028.9671285075822,38.40637375070296,1.393903081085554e-06,0.24139612923265497,0.00642176622351118,0.055948107451002954,0.0042178003252517525,-0.06447892330347674,292.6406357441279,-15.6481976100657,180.48262478244288,3.652500511429456e-05,-36.89720003290383,0.3409925343658405,0.05449155619778996,37.60483193966056,0.0013746086436238994,27.120587731019583,-18.621043107324404,-35.99357379413342,478.0406573897585,3.7869044462726826
RCP85_2093,24.36618357188154,286.45215042132423,1028.9474126442824,38.404595226750146,3.379018792854117e-07,0.20057113629545495,0.008379177069097304,0.035754724943956595,0.003666342004721444,-0.039089087241965956,293.41523520345265,4.725943617845701,174.85287579657597,2.9661499868089937e-05,-36.85573915222366,0.425171122765811,0.1064819355776844,37.316805284381395,0.0011070935754854995,24.53369208169139,2.29839059630498,-35.94133228270502,340.29148713781643,4.329597237828606
RCP85_2094,28.56210944213008,286.44425889832667,1028.9521199295887,38.406420939124935,6.016203408127769e-07,0.23614495009165082,0.012226315746037596,0.04335724102599105,0.0037963557772519555,-0.05979934878438179,293.025353479067,-17.721917686047178,178.8920485056666,4.0331217131038705e-05,-36.8698906196355,0.3784688933947598,0.07035655066941718,37.426858377922834,0.0015093208846829339,26.28742807242897,-20.97969603781416,-35.95685145255703,570.1060992367894,4.193639972612528
RCP85_2095,27.561654068231533,286.3846108743562,1028.9572805686773,38.40312418644389,5.470337455468657e-07,0.2826357636354405,0.002796416321183799,0.05975178595753567,0.003809543528643381,-0.058352855721504865,292.96598563661195,-10.750546800708586,179.68904777884094,3.165636401390077e-05,-36.86613689672811,0.37056948896704955,0.06554804864008404,37.54194751010023,0.001188626524242434,30.00438727916222,-13.256330513718787,-35.95970918212097,466.21443270104044,4.163159941763135
RCP85_2096,33.634343280967215,286.4285491788756,1028.9542866749925,38.40771373210527,1.6035582103284576e-06,0.40091185415474073,0.0048539816695728705,0.07754317619111885,0.0013958731337711677,-0.09259738279052182,292.8267476569101,-44.79194643434997,181.98458631248965,4.949172447661501e-05,-36.86281538205948,0.3780439641995932,0.08468669558839856,37.62697125011793,0.001862942226558052,37.70590340033447,-48.59578248279391,-35.95818464874309,638.2236192509547,4.05291430692096
RCP85_2097,31.23828949153052,286.4567156962492,1028.9449652606759,38.403752571253605,9.271964571445679e-07,0.23670031558843307,0.005451786074824012,0.03562698620021378,0.002798518824379445,-0.04135954405152455,293.3311036071532,3.0885457195274455,179.62579198912076,3.738200757755085e-05,-36.84378654554015,0.41538380281246207,0.11617738636063739,37.549129557139224,0.00140429145610441,26.12322371109864,-0.0964891209873393,-35.929524859792295,383.27707711074913,4.324393348244349
RCP85_2098,32.353431809406885,286.3837787938871,1028.9604108657275,38.404229232906005,2.0113289615903625e-06,0.34988427949731693,0.007202237884844911,0.06957561367466754,0.002748889394326659,-0.09055621156801515,293.0200121885665,-48.68629066408647,172.08831783493366,3.814240703313684e-05,-36.88085192327824,0.3629917902339012,0.07087998121967283,37.578590419358484,0.0014355539842083069,33.086610552919964,-51.45545090995148,-35.97225239420125,693.8092188063775,3.941031962486287
RCP85_2099,31.19198040694858,286.45223258722757,1028.9483694883713,38.40430016851858,3.218828247104367e-07,0.2538838807144537,0.01077598879945233,0.05516096078726895,0.0023801887355662608,-0.06918499488468814,293.1554046446282,-9.739196286209392,185.81257885526037,4.1356269935841585e-05,-36.861850813523105,0.4097376344898669,0.10342857892613963,37.52398692584673,0.0015525654416421242,28.139245490332343,-13.16424949423028,-35.94429463131294,516.908049569975,4.190277509446792
RCP45_2006,29.6933952591074,285.79633519407315,1029.0333547539726,38.33169303539621,2.359621743015452e-07,0.3715731529518209,0.004979751163679101,0.04717606086233446,0.004211261375896879,-0.06497301538502318,290.8653041758406,-32.65928517221421,171.71155898015675,3.153156484030754e-05,-37.26881651021526,0.007820058768640326,-0.09269406915732897,37.757664861866196,0.001190759500050289,38.76629842363881,-34.960582163885306,-36.20801706065504,530.2665211878186,2.178510490502955
RCP45_2007,32.905677262827155,285.7794493398164,1029.0394785413919,38.33370397624603,8.401402964482773e-08,0.4730528540986837,0.0029475897937553948,0.05826304338896928,0.002504797965054269,-0.06619576556515894,290.05542650042037,-27.017786483313284,175.0466148024858,3.0740132483198085e-05,-37.286310152532735,-0.02516989229852292,-0.11537751660548431,37.786676323210266,0.0011625427552458675,47.18707594141446,-29.112263248949713,-36.227953700477585,304.0534740032001,1.9703323022829502
RCP45_2008,31.839352305215144,285.82878776710817,1029.0337098974342,38.337462180370636,7.523796261288288e-07,0.44194374286712335,0.005586014195060262,0.03944188545343756,0.0042891116036564555,-0.04522687313188588,290.41458804595794,-6.521997623758278,175.42961575296562,2.9105351245073794e-05,-37.272880213998164,-0.01325578377661428,-0.09629834454704211,37.76638344275732,0.0010999409274146112,44.78106199685102,-8.585065368935666,-36.21586464841875,379.3600492224175,2.100150690102983
RCP45_2009,29.587307445877983,285.775779234559,1029.0378562064493,38.33400801939107,6.509436656730776e-07,0.3416851815608098,0.0022411360908484042,0.028920471883258546,0.0054843768322057505,-0.05451359827222352,291.5150591131495,-24.804285554647752,177.15261096034376,3.349466360597512e-05,-37.26832110958238,-0.00683351798858841,-0.09209165413038854,37.73696861171018,0.0012645407935780086,34.77134363386602,-27.31736843127369,-36.21745262691202,644.6307545393902,2.0888432108283386
RCP45_2010,30.71367899098141,285.7308271979423,1029.0491792829093,38.336912938336184,1.6502862193979913e-06,0.4853479722654442,0.0011250121044861484,0.06350071110298108,0.0031920557719499875,-0.08913271935376751,290.31194380347887,-38.90476313922006,170.39723026010356,3.0217873636127795e-05,-37.28961113163168,-0.02599786017502266,-0.11261336857957142,37.85147911492639,0.001145639695310168,47.30900396238498,-40.75925311545909,-36.24883324443128,335.0156666866928,1.7559816148295146
RCP45_2011,32.457535798890575,285.73863598252757,1029.0447166802496,38.335422389556086,-7.106222360742797e-07,0.4353286810307697,0.002716108628630653,0.05171400145229691,0.003713615970518338,-0.03055030004342965,290.5062076639059,-12.056486941498768,172.48876793442372,2.779634081370992e-05,-37.27244767916871,0.008761775978008538,-0.08599678351814814,37.78819598022726,0.0010502676551352292,48.59227491248315,-14.062152651423915,-36.23216847062426,260.29506381363893,1.8990689158994145
RCP45_2012,31.174300689017837,285.83104653650014,1029.0353396268888,38.340907300247025,5.248122358936851e-07,0.39019400219483996,0.004705582726028963,0.05803268303259362,0.0032092067980784332,-0.052553752886069505,290.65417220192995,-10.710902732612578,176.42259465132264,3.054476076471872e-05,-37.262873811649015,-0.000941018898858146,-0.09751853707419209,37.76569901107314,0.0011539909243260473,41.16674292444394,-12.86011433462157,-36.21647800676364,368.16829669263325,2.0294107526506853
RCP45_2013,32.98071519463183,285.7866169113972,1029.0397779641119,38.34012191328253,3.6671241606988007e-07,0.40305246876263173,0.006585053349097213,0.06254464549942873,0.0034947850551123962,-0.053605825213886585,290.70203331538096,-14.69101975874404,181.4987665152889,3.67209547578529e-05,-37.25610688648525,0.012936972961769756,-0.09305855963046711,37.90454520937255,0.001392010608044417,42.25857147370424,-17.304472140218625,-36.22107246031176,425.0074486568378,1.990434864294961
RCP45_2014,35.60828688429798,285.80708674257266,1029.041397973188,38.343035485236356,1.488689591489837e-06,0.42883853638080444,0.0004366279286418085,0.04780567424004452,0.0025878586486520997,-0.052962951753001364,290.34016183059254,-23.81588336066695,167.91311276278992,2.4628221352201558e-05,-37.26829727708425,-0.01081608510099661,-0.10643459114694129,37.90391589459363,0.0009338271697270355,45.6814938647518,-25.48012655954029,-36.230426166193595,176.67748680763287,1.9050392508732281
RCP45_2015,34.04382399901195,285.80758932467506,1029.042940071438,38.34597581869543,1.3244497141016754e-06,0.4876496883377717,0.0017361182758926898,0.0643919994163944,0.003443761789358858,-0.05582764132635405,290.6489641904291,-13.450130435550825,175.95106798122941,2.7821471458903605e-05,-37.26754833349011,-0.01691177938112567,-0.11526215457678321,37.901509123840285,0.0010555854715678203,52.0894566418727,-15.363927899679954,-36.236391612054945,267.1298924425676,1.8667690892656652
RCP45_2016,34.98559346786329,285.7041146685779,1029.0468374934349,38.33196871118451,2.1004944182834963e-06,0.41720644690690456,0.001029660487286128,0.03714355369632882,0.004429383047425588,-0.05667975519103409,290.4231887987585,-38.526550126950774,170.39615911055597,2.921057062847254e-05,-37.276852172947656,-0.0274625048674547,-0.11309357601510203,37.835364975683184,0.0011059560339455594,43.120196719118425,-40.54591317304309,-36.23523199469675,446.77795931770027,1.8854847092172045
RCP45_2017,32.89396692571577,285.7599514556052,1029.0454135499795,38.338074287892184,-5.729741172700856e-07,0.49132667103309713,0.00357819523673488,0.05996806704541201,0.003045924896968565,-0.07027556730769269,290.1653030925266,-27.282068140641066,176.95983322068446,3.4223617166424744e-05,-37.284369004046304,-0.028337247467950237,-0.11161997825734046,37.91388631720592,0.0012983328625059572,51.95390031335884,-29.6679417735723,-36.24036621995193,333.5089794152786,1.8143507493896789
RCP45_2018,32.2971932864626,285.8354994234826,1029.034355027747,38.34237010275358,-4.901425821584945e-07,0.3837473864408081,0.006627817982617589,0.06823998831549546,0.003265806522456987,-0.06231008101288288,290.5301899133361,-13.672034363898732,180.72164694058742,3.56577048506812e-05,-37.25418772140678,0.005169825261011727,-0.08864301205411115,37.973543427402745,0.0013543483052533085,40.660487773182666,-16.27952734428348,-36.21274770807358,481.47131779206876,2.0448183397154818
RCP45_2019,33.74283575168546,285.80651606402307,1029.0408438050345,38.34454700010633,2.190409899293985e-06,0.37607476715403,0.004175938133924809,0.060593003213811614,0.004418684830174068,-0.05373689610346277,290.7204445909907,-18.23296244696393,171.71082517145243,3.024582010707327e-05,-37.25790188847294,0.020387295629001993,-0.08833138032474902,37.99579388141756,0.001149705961504468,41.949795411403116,-20.498864064879925,-36.22686762030994,87.57529864102767,1.9331154181805734
RCP45_2020,29.534698493405084,285.8337360262207,1029.0452674861706,38.351349009191686,2.684118675165633e-07,0.7348615005806958,0.0031773956241703287,0.060091955613746674,0.003434232627517915,-0.07829015709874548,290.4571223227984,-34.99692755305683,175.2080916063312,3.274091334667572e-05,-37.279609631362874,-0.01934262619852024,-0.12418374837264053,38.0565863086414,0.0012464311327033146,69.47331252671052,-37.24966409433172,-36.249632590132876,445.3026020687207,1.7016106980755032
RCP45_2021,29.094384186871263,285.9058526349896,1029.028926497279,38.34794776199869,-2.1635793622676072e-07,0.3407894066686346,0.005462085587228209,0.037451177069818875,0.005047286287120239,-0.04781422018423827,290.91986427811224,-17.117449644251373,171.12359417088328,2.756619453976213e-05,-37.25311034457901,0.01311560963630124,-0.09222280475495541,37.91492954524074,0.0010459098050461405,34.98771126718813,-19.19262746811443,-36.20766135117563,521.5976451208032,2.063563656351957
RCP45_2022,30.17721238626362,285.77887433799367,1029.038409375212,38.3362569222775,4.78847752071397e-07,0.4901604125851115,0.003132022572458662,0.06011038326448054,0.0014476873556331536,-0.06580380813704242,290.63730373428695,-24.575861778257885,179.64357684395384,3.852289559880098e-05,-37.258022225888354,0.00989086842482294,-0.09566727275619054,37.981374487043674,0.0014631004784586643,48.02050201703099,-27.37293898454798,-36.214271370521416,477.0915621290786,2.0007365649734146
RCP45_2023,35.33108120877436,285.864783151879,1029.0381383920642,38.34912472220813,1.1404914485152997e-06,0.4445241401963877,0.004331677464554858,0.050507425444675944,0.00381471697381196,-0.06091906783034619,289.9837564642032,-16.708755352990206,175.77239177294945,2.871045900098746e-05,-37.26726313833426,-0.00886309540731514,-0.11581729034186614,38.000147766246045,0.0010913091063529186,47.40484795721203,-18.667095299450427,-36.229195874658586,353.0034747084115,1.890239131246644
RCP45_2024,33.86382403041044,285.7855634740955,1029.0428778382368,38.33881701539093,1.0615029195997413e-06,0.813430295796012,0.002604475204359813,0.038680289800057305,0.00259753425446645,-0.07729052807544716,290.1469687267358,-43.417539714531244,174.78129608210088,3.130583636037223e-05,-37.290468585782286,-0.014894783735896748,-0.11094941622181376,37.90470625018727,0.0011874557707648745,76.78237290957179,-45.59331636752403,-36.23899561536811,500.5880385456711,1.797789189056715
RCP45_2025,31.82590356180239,285.7472254604673,1029.0441409239338,38.334571657706896,4.0880221441196574e-07,0.4530943647046984,-0.0008573468241442443,0.03719419423062433,0.0026883434799767295,-0.059172686169765745,290.47595073162245,-27.9273314352608,174.78160937932972,3.3704631583961896e-05,-37.28075484992246,-0.014993309067807341,-0.11197698053481923,38.019354306699604,0.0012818735692954975,48.39424254963329,-30.360892856035782,-36.23193825587887,545.3300181570779,1.859577807428868
RCP45_2026,31.171996622689576,285.7059460687024,1029.0462724168276,38.33077986506584,1.1418636432978913e-06,0.5503590363395642,-0.0024614297046181583,0.02566124681391875,0.0030129819997528327,-0.05328194516569844,291.37942405147754,-18.64294829836474,169.8240571090085,2.2303620933043958e-05,-37.28001597271728,-0.006096062914055636,-0.10804889338535996,37.87017025216046,0.0008449629044103798,56.808236639469385,-20.366335405050915,-36.23247310950478,581.1334709296839,1.8656797523858917
RCP45_2027,33.34011504419764,285.70813201011225,1029.0464922341675,38.330730264403506,9.258927536834715e-09,0.619377522127472,0.00038221314395250037,0.06309680348903057,0.0029702289337472524,-0.07725486512496177,290.9153859715923,-36.37671753031774,180.92501703363746,4.0810916418225204e-05,-37.28369465366329,0.0046492146059779575,-0.0978215528481761,38.00080048938081,0.0015512465892863533,61.90048226100992,-39.35173863510174,-36.23352509421094,558.0144586283164,1.8245287782060846
RCP45_2028,31.91844612910844,285.70534787289955,1029.0416444014063,38.32744416552333,9.829274460299047e-07,0.3693004594668754,0.0011225612717088436,0.05234011832331779,0.00254267864883977,-0.05488072725394759,290.5794739433986,-13.486951677444853,176.3785351911884,2.9903565212832766e-05,-37.26555437275626,0.012967310514072572,-0.09716085436367937,37.96851255304344,0.001135655255811457,40.058397692270134,-15.612583824572155,-36.21534907364234,251.8562981862391,1.9695143234838397
RCP45_2029,32.08427567178089,285.82252171417616,1029.0328938458135,38.33941869186332,2.742275322757397e-07,0.5034048255681937,0.00260321139978227,0.059876931934927984,0.001331448238055519,-0.06401112148352575,291.04694990621806,-24.214458026641346,177.8163329590393,3.5414235538122044e-05,-37.24596465742497,0.012387427913685715,-0.0975231445634332,38.02427627464151,0.0013473002302945276,48.542715561215076,-26.835004524259737,-36.20235363345869,507.69915774799466,2.0720330374702765
RCP45_2030,31.001570982549804,285.8554400767516,1029.037594311749,38.3482093659717,1.8550189224398304e-06,0.5805305952614871,0.003529261245363695,0.055215363591627875,0.0030488832821245217,-0.06332004216311844,290.61384720680263,-24.465924823865713,174.49254581046975,2.842394009688132e-05,-37.264066977787834,-0.02058184754086811,-0.12160771767897154,38.0727028979915,0.0010827913542843116,56.52773844116006,-26.476650109689476,-36.2262584885238,394.2398257688562,1.8620073808099442
RCP45_2031,31.130689654465066,285.86511661304536,1029.0337164834493,38.34655228785098,3.026948542069161e-08,0.3360660013145878,0.004081145158334218,0.0328059349071485,0.0041973748128992915,-0.03822706805128065,290.8583631231998,-0.3017805200895509,170.56964177320964,1.8627346006316846e-05,-37.251157865345775,0.0032769039735273883,-0.1069178761898872,37.870510286314186,0.0007056861864628349,35.9582115381025,-1.7717455777258788,-36.21184162348838,392.10624833687496,2.0288826219958445
RCP45_2032,37.34099435932151,285.8906533505023,1029.0341294301136,38.35106170529057,7.635299247386321e-07,0.5175655026116426,0.002814344560659059,0.044678537412520605,0.004580496359048081,-0.07695409776273238,290.6940345187147,-34.49985252833316,172.6525386408749,2.7067753336068782e-05,-37.25573204778632,-0.008796670294913336,-0.11426096549371342,37.98818390214116,0.001029220283136438,51.67133459796689,-36.31010434211181,-36.21898833144069,546.6714118635937,1.905125479273269
RCP45_2033,33.73975174657976,285.8436842302329,1029.0351988611337,38.346057843742294,1.1373740270317386e-06,0.47210437098947455,0.0032633102592718156,0.04925385647710191,0.0030385361773793786,-0.0701078369793377,291.02589920348936,-30.853534188483586,179.33042949908918,3.836866174500777e-05,-37.2444694368895,0.02088595260512938,-0.0964727004127596,37.92683282894404,0.0014557305884519284,47.5301953520108,-33.47224785970178,-36.21119310148508,595.989013954567,1.9580433445844556
RCP45_2034,30.70603936437613,285.75589668924624,1029.0346869409227,38.33093448675163,-5.631614483327008e-07,0.4735500035993768,0.001778138525336497,0.030993328205251747,0.0028672316280909387,-0.03186555948963479,290.7112698089702,-11.010452216777924,164.58430806864146,2.1648549001597245e-05,-37.24440285359945,0.03044965234992139,-0.0716800389263828,37.71983998845573,0.000819306801604535,47.839234693259215,-12.488266318961596,-36.19707241552878,549.7674926992039,2.0661681381288766
RCP45_2035,31.01078603943155,285.842253655798,1029.0298271001484,38.33996879683825,-1.0397609125415718e-08,0.3596831801081812,0.0028107678348651445,0.06158479038730917,0.004175419664608904,-0.04250986334397423,290.8675126491563,-21.958996211386236,176.0482346758721,3.196645863362488e-05,-37.232480004567755,0.05014739254438699,-0.0637117900464362,37.797785236862296,0.0012082108268562826,37.58364044312686,-24.299262430069653,-36.1895940918287,291.4870589281857,2.154933007332365
RCP45_2036,34.19582266415735,285.78794980416,1029.0376905867781,38.339337987655306,1.0000890937081383e-06,0.5120805313803872,0.004925995049117335,0.06920516701348627,0.00343544824158918,-0.07716927080035083,290.66160870002443,-16.992441062961035,183.00480113885598,3.7332857462448377e-05,-37.243925538315075,0.02932076418399049,-0.08702727857658027,38.04650655243216,0.0014209757996051743,53.08734119879619,-19.641138941847046,-36.20811200680832,463.6456133964466,1.9399989160762416
RCP45_2037,30.415836899400627,285.89707299995916,1029.0253912918254,38.345935366687385,6.138461401226972e-07,0.3013939305477091,0.00489612103094687,0.05299246777319443,0.0030170410254777144,-0.054029438322644674,290.8413841569992,-9.442359478075446,179.873459937678,3.7143094241202387e-05,-37.222490485198435,0.06839006545091006,-0.05799743791268473,37.914656875111405,0.0014088292370520352,33.27137516742976,-12.210395429469397,-36.18371048005258,543.9744051709578,2.199623279609616
RCP45_2038,33.30169381249549,285.84739520128323,1029.0364370575585,38.348459866206554,2.30890459909256e-06,0.49422886768015284,0.0041356608042826745,0.05781170007199756,0.004194958961483347,-0.08290048307704989,290.6235569964716,-40.32106570735658,166.30428778510725,2.955487458066403e-05,-37.24183706746453,0.01324063584666567,-0.10455458997190392,37.996472247466954,0.0011233436057447067,48.578121832446534,-42.3220132831012,-36.213629603448666,336.1787945150877,1.9246293202816447
RCP45_2039,30.947615014879503,285.93174943733845,1029.0277228061464,38.355335923908406,2.994470292481643e-08,0.38577141410160265,0.003820825232832964,0.04380331166345374,0.005478573660308663,-0.03891745100470542,291.38214696849934,-3.6620447390408373,184.60280190128253,3.6862422420283743e-05,-37.22473123570933,0.04200377906080352,-0.08395515823022869,37.934724425392815,0.0013997467268243385,38.78597997139664,-6.5094543437469135,-36.19814996249973,584.3337646694729,2.0548288971593216
RCP45_2040,30.00686763776582,285.905609215316,1029.0256029150662,38.35008118469733,5.94378909642225e-07,0.3339743582237931,0.005494629651435415,0.04541040507448448,0.00436782438137164,-0.05330860685549983,290.99983106210755,-12.589986964742817,181.58905679730483,2.8788200861887662e-05,-37.20827212989033,0.043167960391201285,-0.0819472977261865,38.03540180655481,0.0010956541194267748,35.01270235960275,-14.76028128981109,-36.18170149358488,514.665748395028,2.1670054635241813
RCP45_2041,30.37883476610738,285.9421599794172,1029.0238752777398,38.355402364679,-2.6670804792494107e-07,0.4994012667854171,0.0035481647255515714,0.038365046801671014,0.0036933649316202356,-0.042351465422360256,291.47539639205,-30.702698444397786,169.67785427823617,2.5925647893214644e-05,-37.200498440804765,0.04078928015468914,-0.0785173393996628,37.93448383809741,0.0009850434571791753,48.805961175772595,-32.72268103023244,-36.1801530474594,343.68643590256835,2.1525999868707117
RCP45_2042,33.21237865037183,285.9083698132141,1029.0270610217497,38.35308134552654,1.0510687738425842e-06,0.48839194825744053,0.005596193325458454,0.054305585727198014,0.004424511534900732,-0.07852060704577263,291.2773869779767,-33.75726644694059,179.3374783199464,3.9797210416640246e-05,-37.20759093688805,0.02727052606038873,-0.08559183177485624,37.96306215817873,0.0015106575803519066,49.303579165862494,-36.70456841432631,-36.18716787217758,605.9706816196839,2.0934834265004434
RCP45_2043,35.59345067451959,285.8044834825361,1029.0420462436068,38.34913484563807,1.6980908634712678e-06,0.5882277086595351,0.0034242777978512294,0.048067151628939084,0.004045863503127635,-0.07822519222217789,290.90675372566625,-53.81370442583027,175.1648240296908,3.4879420395602474e-05,-37.23367686347963,-0.0005504486655782959,-0.10382823950644411,38.09399555350461,0.0013302760804441538,61.157421452002815,-56.312826560932756,-36.21926011330272,507.0565037430249,1.8090003420766911
RCP45_2044,34.71601590815954,285.6667885052313,1029.0504757759338,38.33751103427354,1.1692738407852516e-06,0.8547054555703775,-0.0008688840388967976,0.0525683493898563,0.0022042801177046376,-0.07297584211473565,290.62326136696737,-35.00485350036193,177.12069799270367,3.72620096720461e-05,-37.24736699579405,-0.00945304665767515,-0.10395301823193721,38.040400690737236,0.0014192083124990908,82.42115604570708,-37.80649800405645,-36.23326783983895,477.31994166576624,1.6887556257573146
RCP45_2045,32.652408570830154,285.6651686515767,1029.055089508608,38.340367491438286,1.139821846167949e-06,0.796109784045405,-0.0004167788198688391,0.044670046535807736,0.0031682268195709824,-0.08001371839800109,290.50635654019277,-31.44796426150809,177.9943163214252,3.707983525377198e-05,-37.256083407516485,-0.02720592897403683,-0.11095926155191595,38.16862308017761,0.001416331093920459,83.63269550467733,-34.07783153619279,-36.245440234227374,671.9014085571852,1.5290245928755744
RCP45_2046,31.669692889386138,285.77082048752254,1029.054655289367,38.35438683370003,1.0432697936417389e-06,1.6628914549852507,-0.0026386965213178143,0.04894950807749185,0.003031856105115395,-0.0677812792718826,290.6198303703879,-37.03164479141106,168.71629506721732,3.010038075109584e-05,-37.28342263946784,-0.03250739091896286,-0.11724722463220702,38.08997482389795,0.0011474363176964878,152.09636170397013,-39.14728509021279,-36.26986836274107,408.65992886580784,1.2115898550259516
RCP45_2047,30.58770525838885,285.8163826051788,1029.0422102972434,38.34862283972274,9.366564099007222e-07,0.2400697683544498,0.0009766663240051944,0.03577491714824855,0.002158608640954889,-0.05290012960596364,291.339855482241,-14.82196584507396,176.32029679112276,3.127911808609793e-05,-37.253848625236685,0.015581884323992445,-0.07555277989163219,37.88170936722492,0.0011859873477826361,28.715985255310905,-17.133247504196746,-36.22707107241859,524.506427391448,1.5592440874500115
RCP45_2048,34.44830539396673,285.6806367562235,1029.0478465259891,38.33619127519071,2.7783390633028226e-07,0.36747880239639164,0.0008701422704301017,0.06593550822499752,0.0010731284549455977,-0.06997702013955637,290.89678368247775,-22.784470854243757,176.35730205662205,3.5887274143434005e-05,-37.24461874571071,0.03046709154896416,-0.07450160216446454,38.038010798558176,0.001365385219243821,38.790311230661764,-25.300637385404404,-36.223869977879076,393.97674027997937,1.586243444051336
RCP45_2049,33.99667838908741,285.80390530749503,1029.0405817718997,38.34787366479617,4.444070895185248e-07,0.33621206716646923,0.003533385171638035,0.05625127850764969,0.0038306782576204477,-0.05191744497365067,290.63932381086164,-5.908700835741087,175.64748567140128,2.9465680414009854e-05,-37.23459627885992,0.03935143383486105,-0.07720333167874538,37.84317772349364,0.0011142067444380164,38.139802702503054,-8.104050858476956,-36.21578975454153,171.59917812539078,1.733483096708505
RCP45_2050,34.57608297521009,285.7640840797562,1029.0429013701846,38.34515248486848,1.141144731504167e-06,0.3741271211152013,0.002560018562783443,0.059132022661122906,0.004516095591638058,-0.06649082669022317,290.8061487278088,-18.07767292373253,180.8268680920504,3.251941662520247e-05,-37.230251027181666,0.037300001887549825,-0.0782003417530649,37.920860638460994,0.001234111030789292,39.95928575036587,-20.441177894937198,-36.21572634855475,412.89702575522784,1.7387053271263209
RCP45_2051,32.44459091303989,285.76896539093286,1029.0444319298713,38.347868026867445,7.052522970215029e-07,0.4690278952561917,0.00038309645530463555,0.05669440227550533,0.00244754554563176,-0.06722678360287039,290.88574157866395,-28.223967035294383,175.69766811526054,3.280155094296294e-05,-37.23092466443611,0.03795294505611915,-0.07785671916289595,37.93080013139339,0.0012445124819880549,48.08319558792243,-30.630422083711576,-36.22088528897564,314.4715950137321,1.6771223872042813
RCP45_2052,31.26036146796709,285.8594362697156,1029.040451897881,38.358333446052185,7.009687888894747e-07,0.3726052027606865,0.0016876546252146917,0.035089610642212804,0.0031042404829414436,-0.05853652912700727,291.00145903610013,-12.87831217772283,172.3149345959738,2.4420375245837234e-05,-37.22857180387905,0.02661400684795945,-0.0923491765833401,37.89000628485415,0.0009260331812404991,37.34902944676894,-14.60873227585057,-36.22287771257358,426.64702595006656,1.641461421527925
RCP45_2053,31.19135588410124,285.90522026086563,1029.0328399921264,38.35885675201744,8.972321190107948e-07,0.348821766536101,0.0034543679127221096,0.05422491333378869,0.004614213573222187,-0.04809915759311452,291.23679868422903,-9.029748050657862,178.4208072878334,3.171834031282209e-05,-37.20739454872161,0.07080789315653555,-0.05196915691352601,37.846182351257674,0.0012012112428283334,36.164861432106854,-11.403181301755996,-36.19965102826716,418.06100563168076,1.8268025806884625
RCP45_2054,31.59011478070111,285.8963051047134,1029.0313948181524,38.35743095960633,3.3081902147276534e-07,0.4041512977583436,0.004789320504101834,0.03607043127904236,0.0034535020447725457,-0.06579382135068379,291.3457306859987,-17.92930007274405,180.25828196917408,3.603051171439321e-05,-37.19663228303015,0.06329086698948451,-0.05718898340669247,37.85073647321641,0.0013642318973693334,38.96987157750052,-20.61708760728456,-36.19106359599036,545.3886401859164,1.888883726629607
RCP45_2055,27.619893721926864,285.9461331231382,1029.0232496310223,38.36031389965608,1.8961292564750876e-07,0.26063247936930745,0.0047941229381228394,0.052896626241972916,0.004456902208567131,-0.04020076126763882,291.6362449117635,-5.092597623300641,173.38205086206577,2.7286808735322833e-05,-37.17066507639481,0.1339877812822657,-0.009521383355953065,37.83128403942119,0.0010329823177156411,30.160470384054182,-7.282700698930157,-36.16901172949917,448.243846739348,2.0880897329894914
RCP45_2056,34.66361603941888,285.88896508647963,1029.0337684311557,38.36130941988009,1.0768201665036677e-06,0.45967339786276884,0.003484905118198448,0.07522705750370541,0.002723297251680672,-0.09145077218722741,290.92943165663127,-36.91253170713274,174.58229314989697,3.701848366746751e-05,-37.18202503930795,0.09546064720379266,-0.057129819425044484,37.81370914628795,0.0014001844235487307,46.37651033255642,-39.54451731315778,-36.19216260356424,394.35248258055344,1.8952916626674345
RCP45_2057,31.38699827756872,285.96996840918166,1029.0272161683401,38.3705522751894,5.731846078426285e-07,0.33648380076969364,0.0026279592299414153,0.05292060717257065,0.0039898864582087945,-0.06489383223713616,291.3577816625021,-16.60751410889308,179.048956738611,3.8721119272809786e-05,-37.162820666127054,0.08046765162977412,-0.062630914368704,37.72586458833261,0.0014608639233263962,35.58807230436953,-19.523716975062968,-36.1818932438093,695.5578422948963,2.0093490728300316
RCP45_2058,27.882807600049397,285.9114963536789,1029.023863076572,38.35984328790807,-2.5797498111089333e-08,0.3657109303087993,5.919700294113771e-05,0.04879756034339991,0.0033464659791440123,-0.040667999627958154,291.0212446979244,-11.596898513982058,172.39778475620943,2.761754852847727e-05,-37.14066355742573,0.14091278780436262,-0.018674236137878053,37.64251521970601,0.0010397022414254057,36.816060194738256,-13.720812382423212,-36.155929835400734,308.9518678031713,2.2206775208228007
RCP45_2059,32.5286066891134,285.9386020328781,1029.0267743394152,38.36552448151481,1.7983532570792304e-06,0.4030771260951747,0.002266367133326409,0.05139351658547281,0.00271003002274437,-0.07692724146018061,290.8170526932856,-19.39673228035578,179.91633291668492,3.2483074190997943e-05,-37.15547713057067,0.10331895697545058,-0.05001595291299626,37.70786449152819,0.0012259182220609427,40.311936533640996,-21.62574656693398,-36.172717140232415,510.2171170331212,2.092765317731688
RCP45_2060,28.03734848947549,285.97502847280276,1029.0212081784107,38.369153216041354,1.3735052787042422e-06,0.29681238406067995,5.306531153238288e-05,0.04633747093743822,0.004421888609091343,-0.04301196497386956,291.494808582109,-12.333525689100757,180.76491391399657,3.522444945469396e-05,-37.13100161922419,0.1452778507737914,-0.02855883699183075,37.760972123033405,0.0013307252663395499,32.08208314434647,-15.084146228870207,-36.15609199025968,428.5685417755899,2.2753831566612255
RCP45_2061,28.280049938314622,285.997103309958,1029.0173046303412,38.36751373166675,1.3556949091418819e-06,0.3106184268477689,0.0035623929191944408,0.05171470357345144,0.0023202820377494883,-0.07862196089276564,290.99642977679315,-18.08405599571236,178.42336966580325,3.1939331499372854e-05,-37.131351886172766,0.12478760067844462,-0.04450784104966164,37.619427533465654,0.0012025552491712974,32.74168062321137,-20.351872204910656,-36.14803565637687,633.3121071024542,2.3385594095500575
RCP45_2062,28.942751696743574,285.98606026606086,1029.017954647299,38.36756503611793,1.2366548261685521e-06,0.28782290640571473,0.0013884984034477916,0.05145635758631885,0.0042185429099105415,-0.05302628142172508,291.3064449812895,-12.285206446198512,177.89957324309668,3.108519737396122e-05,-37.125962108086945,0.1333199200250491,-0.03679971221849422,37.67504551527746,0.0011717640906628863,31.549277200549415,-14.704471018865213,-36.146756498966255,388.39076733287516,2.3817475343364682
RCP45_2063,29.887747871634343,286.0284225230112,1029.014142409978,38.37152322931701,9.264176802953558e-07,0.3732509392015039,0.0009334363898998426,0.050153467235360544,0.0039396505381148455,-0.06521517853829716,291.35406781260315,-21.243516492642307,180.790049569192,3.745149142044445e-05,-37.11418847139642,0.141075244553407,-0.0377490790625278,37.79076813909203,0.0014162475384663052,38.61268508859937,-24.102898857606963,-36.13824966103374,468.57439385672694,2.419452468367961
RCP45_2064,27.11698522583719,285.9321570849431,1029.0254213296,38.3646311082609,1.2249820763235078e-06,0.5245210229205461,0.001653360582870315,0.04254017127519355,0.0056967209985839375,-0.06360680998806727,292.00938017870806,-40.90736338179801,173.8599771725523,3.393341847293054e-05,-37.143145376814275,0.07967880921175195,-0.06933477026572825,37.88104790466778,0.0012862002669295144,48.22964133995838,-43.49689050918387,-36.16322983102586,531.5023158000164,2.2405025778511987
RCP45_2065,30.66259174353175,285.8800544177067,1029.028005406732,38.35765476235111,1.1777107907954435e-06,0.5366244414627421,0.0010897004775940115,0.06523576653339903,0.003609020748307162,-0.09440794177040415,291.105844734852,-37.42667541714748,177.06509076722125,3.672365553040462e-05,-37.15434637285514,0.07595277934469666,-0.06371141541561437,37.98264754234287,0.001395829425306617,51.380139531732574,-39.8809098403958,-36.1668948088477,519.7088966272033,2.134504818093268
RCP45_2066,34.23575385038656,285.891592024507,1029.0266687052092,38.359565442044044,5.094337703865624e-07,0.48414122249617414,0.002629821884316301,0.05996968555245984,0.0041560808018373955,-0.06228624603091401,291.19475193476256,-19.655663018536153,184.51898372462148,3.884708646263311e-05,-37.145677479986325,0.1014730517665522,-0.05257786670705322,38.10711865622651,0.0014807846322962312,50.17782147697943,-22.556458221374253,-36.162544037290985,436.79498183804264,2.168595859908614
RCP45_2067,30.039895772359724,285.9890642197417,1029.0169020767607,38.36562296156558,1.1875117622916414e-06,0.36368048039603995,0.001723943187242185,0.04025014025966764,0.003904971450756449,-0.048614854797280734,291.45501105165704,-11.256839763560226,172.08561541031253,2.7567871252673728e-05,-37.128875070608714,0.1134810914413513,-0.03720692127610482,37.97437335027642,0.0010472402001460274,39.763724289653524,-13.440942960940966,-36.14338157358452,481.6063382571699,2.3399985667697116
RCP45_2068,28.94396830607881,285.9719831633135,1029.0159457924965,38.36144278629167,8.51681270106226e-07,0.4231982386965608,0.003379430624669303,0.050746150658503505,0.0033931094943160526,-0.046327760675168805,291.3734614830694,-25.687825517645322,170.64640214033446,2.2240177367077836e-05,-37.13370078014789,0.1336939992783498,-0.023447459879532912,37.82701375919065,0.0008432289157337778,44.56060009817952,-27.383370675619293,-36.140844348906576,400.2619034767165,2.388112361325344
RCP45_2069,31.98304172900663,285.9717723607004,1029.019311965199,38.36228784321588,9.750303422330778e-07,0.42894522895993004,0.002127891970247711,0.06533554296521946,0.004113314746342747,-0.06703245270505802,291.0788649309586,-31.17580112709372,174.60271472557605,3.3866316665154484e-05,-37.14961827487838,0.1085424218796894,-0.048183170504977516,37.711726205961696,0.0012775334951799393,42.066010749522846,-33.65677711121754,-36.153413613754374,324.80192297012326,2.2932008174278296
RCP45_2070,29.008501897869348,286.0092498904233,1029.015175152801,38.36508761969999,3.987637531023783e-07,0.33972505386089397,0.004679106921453745,0.03663204211510142,0.002988848109974258,-0.05877414697147389,291.2688833243695,-2.4695068633750346,181.10380419453526,3.2099949553938875e-05,-37.13946673694284,0.12442624260411622,-0.03863830817465816,37.73984030485467,0.0012119697338497857,36.688327779553894,-4.886206791206284,-36.14456339142415,654.5759027133342,2.3490792851989672
RCP45_2071,33.355408678215184,286.0639051920803,1029.0043370711326,38.36318103061897,-5.5538469260692996e-08,0.3089604816183215,0.0061265422939451,0.05708334445727521,0.003105003585270058,-0.058643208896894256,291.7555625056684,-21.76253990749749,178.63012452938221,3.682439148997373e-05,-37.1274830501618,0.16971375619516388,-0.0037029804251007895,37.59540880659489,0.0013854739476348537,31.975704141156495,-24.508213620603694,-36.11962512189745,556.8063710874657,2.5464690777871635
RCP45_2072,31.456095575006024,285.9974479193841,1029.0103761618918,38.35941818774022,2.2944909671481225e-06,0.27457681202079004,0.0033420186599096378,0.04317020172522243,0.003999878264386279,-0.05337766268606903,291.590114840838,-13.473749302998211,176.28597771615787,2.741088288593742e-05,-37.12722476993369,0.14993798492170107,-0.018803580520732263,37.69059379238801,0.0010342838425882997,29.675830100822623,-15.523283120048461,-36.125831477487694,499.99864990438175,2.486885649491382
RCP45_2073,31.54123342722368,285.9201373632625,1029.0229582045065,38.35811054483713,1.1567543760928113e-06,0.5814121855600758,-5.87321620010464e-05,0.047880638948215294,0.0036703342909109884,-0.09409593333081803,291.4157069070416,-52.070461296079344,177.0305548686177,3.512803371230565e-05,-37.15073689607598,0.11572875265818239,-0.042533500225019144,37.74711260388036,0.0013297168296155138,55.66555685471766,-54.51818334601896,-36.155789701923844,639.8415393727228,2.226089183311187
RCP45_2074,30.416992701449555,285.9246445996309,1029.019875811543,38.35749852788126,6.430402460673986e-07,0.3659785938055804,0.0010370062198525132,0.062286215100355036,0.0015260151770236994,-0.04787424995319198,291.04929683928026,-6.219204956783013,175.75372000253338,2.8112703369009925e-05,-37.13540404131463,0.15168383752618086,-0.01574576249796454,37.804497575929105,0.0010634415868273962,38.15086444519403,-8.247341663293643,-36.142932544950796,268.3799017479926,2.297791382364977
RCP45_2075,28.78328763327483,286.00593541826635,1029.0148197411097,38.36703563116436,8.242322000264923e-07,0.27668187642771336,0.0027400300145814195,0.04850230306078909,0.005253254949353125,-0.05230698873708338,291.59249193286365,-13.677968212696577,176.09428171994108,3.180407015178861e-05,-37.11974234100752,0.14749495973926913,-0.025994240847817873,37.80064306326777,0.0012028448287596544,31.222938903318067,-16.20832107884849,-36.136082747588134,289.87920781467807,2.389459342184435
RCP45_2076,29.277302164478023,286.0984710586097,1029.0053769114845,38.37408119449601,6.177045337377893e-07,0.2762859295680423,0.0047034652472508305,0.045526842540002416,0.005501663929042267,-0.03566023149581786,291.4809550497524,-10.668767454441632,170.50137965252677,2.7558437516536234e-05,-37.103267679091616,0.17871269699389047,-0.007995095378842389,37.71301793371855,0.0010400986932098477,31.31063841411438,-12.72833600647214,-36.120580964920265,204.90708658798326,2.503711650516861
RCP45_2077,30.97677504700781,286.1463834635456,1028.998124859468,38.37550438409874,7.765762425846287e-07,0.3537597451536371,0.004906607922365262,0.05207011389954676,0.0016647687124161613,-0.06127358172197723,291.07554835097216,-18.393959756288194,174.86269431015276,3.388976406867172e-05,-37.093204373518,0.18545584808117938,-0.00033168337015403,37.729979174844985,0.0012790491673394808,36.39692221047541,-20.873373762919986,-36.10622515027939,374.03192836278464,2.598903507295663
RCP45_2078,32.1706334998611,286.1041845403614,1028.996615031902,38.36836112863159,1.8307217817049049e-06,0.3040745321904408,0.006397864575819846,0.06245699936268702,0.002423406094752174,-0.05633859787277286,291.10314789519276,-16.94766390798166,173.5031185812246,3.455705965016671e-05,-37.079871656496444,0.22038904832108427,0.026943912626970563,37.65580212451415,0.0013013273460685917,33.331794922842406,-19.496442415303704,-36.0903161386026,260.4395432176618,2.760772499027309
RCP45_2079,30.29644122692317,286.10746736882294,1028.9963807334525,38.36952209732286,7.491005051707912e-07,0.293897488441462,0.0042052476035330825,0.05640942955878428,0.005600753599957422,-0.04785759862688028,291.81314619892476,-21.68927616432673,175.7241833463716,3.19027027190022e-05,-37.07788877399968,0.21501619491369733,0.01137737531728742,37.570069302251106,0.0011987486119852035,31.361252289132473,-24.250741651074662,-36.090557547321865,268.22849419660093,2.8138878695786085
RCP45_2080,29.101620456885374,286.07861222863414,1028.997735911869,38.36560825369844,2.884326381334615e-07,0.39504259470276726,0.0036898239720492324,0.058169511796389586,0.0036806156727384586,-0.06503569924766996,291.35062879871737,-21.528628842716767,179.311283011297,3.249053077470477e-05,-37.07251361938109,0.211230807019402,0.0134663478041228,37.669963392319886,0.0012246954867702851,39.40697106543206,-23.80495028757043,-36.08450242924547,485.53083667789457,2.786093104986816
RCP45_2081,30.027714280553063,286.1129642477505,1028.996404268824,38.37129067796752,7.474808529565961e-07,0.341132636036604,0.0024198820471688373,0.04373640174825861,0.0033695380507361276,-0.06074712113133985,291.4373512894586,-14.92442982819265,182.68820612710482,3.732309587321121e-05,-37.064604234574574,0.21438482837913017,0.008828086566206109,37.630315663517734,0.0014053058699653638,35.26382577340377,-17.731091559381163,-36.08445063586195,585.9266395481745,2.8075058977492215
RCP45_2082,30.02062280436907,286.0498883753743,1029.0017140489929,38.3686861813231,8.164120966842389e-07,0.45185389121509845,0.004239907018343649,0.052152076376181085,0.001428036962619316,-0.06580629572308622,290.89907023009994,-23.67997525655853,179.49058010039693,3.617977878950127e-05,-37.06187386777479,0.19462792948353813,-0.0005142874532248125,37.81575830976386,0.0013692483449252203,43.884440368768374,-26.319873054545887,-36.09080348004549,474.2926497872496,2.7398990233750764
RCP45_2083,27.147124293410275,286.18564748436097,1028.9850748600793,38.37571100115821,-7.968018331508529e-07,0.29464634390452804,0.0053190375381706925,0.031559664676000805,0.0048244194012495205,-0.03174677795990471,291.8687094893999,-0.4885793468455013,176.95645652417875,2.5615554641953613e-05,-37.031592811034976,0.23776869770986692,0.030652875267222192,37.71155462357086,0.000967258434208,33.199285044254566,-2.5624376498612733,-36.055873349474204,384.97592051194533,3.0807367590841617
RCP45_2084,26.94155723598548,286.20044185970676,1028.9778729053473,38.371934862216904,5.613409363659395e-07,0.3493730248568479,0.007135787065045948,0.05540351931596321,0.001957656205109016,-0.06527569726649261,291.95920637035624,-27.52832677029609,180.7672363301714,4.1632500255855875e-05,-37.01382856886377,0.2579032295642182,0.05057361281377625,37.67776742553603,0.0015700661736883705,35.324492171901355,-30.783570435314704,-36.031972824052666,384.4265287236778,3.2799972266442756
RCP45_2085,28.365140642128257,286.22311128248816,1028.987475818714,38.384292857701894,1.2715568914407187e-06,0.3541827081196588,0.007986723804743343,0.048744513995022595,0.0030827986031088995,-0.06786219312609314,291.7521072774805,-38.05953506317434,172.3551292449041,3.1686015721968115e-05,-37.03976208359502,0.22086486112986042,0.015100774555275722,37.68926418267757,0.0011953161280784256,35.99721146288085,-40.382826507179225,-36.072537921522674,406.2902769562773,2.967540655951717
RCP45_2086,30.978553136960954,286.06991864660927,1029.0081267929818,38.377528621630304,1.4278151581672376e-06,0.40724700754443954,0.005050380319359579,0.040481948666384396,0.006136063247239838,-0.060740403570465284,291.3083409189891,-13.645763020084772,176.40158217794104,2.5030967863796184e-05,-37.0702250445232,0.18007868272563243,-0.026857443445682465,37.73347087054747,0.0009470001088190963,41.771713666604896,-15.459021668626011,-36.111537106108045,416.9486595968102,2.6160750529991605
RCP45_2087,30.687603420619627,286.11799155157513,1028.9936612509596,38.372246592668986,5.587734338245808e-07,0.3337282551077651,0.0016906252133342184,0.04963827238965426,0.006027838686196063,-0.05401661624329408,291.91672394303356,-34.63762726994374,173.1184321873448,3.154672148473641e-05,-37.043338775345894,0.236047397193675,0.026561408932559774,37.58439842727942,0.001186994915749395,34.27952187337781,-37.074386219216834,-36.0703277527482,449.83936931015285,2.905239886383348
RCP45_2088,26.481953858582067,286.2398928766757,1028.979780785953,38.380707662918994,-2.1298958509037705e-07,0.34878789788977715,0.004204524894604076,0.036152694892947486,0.005157043741245639,-0.050680540172009625,291.79901505910885,-20.54112359530906,178.7034822902695,3.567056987438591e-05,-37.01561374514397,0.2698633506343415,0.05036584957876181,37.582075300562686,0.0013417218256912028,35.51543160413253,-23.33584577224913,-36.043989943194724,519.2088051909645,3.1226568748340124
RCP45_2089,27.299211546890344,286.1587606411538,1028.9838287357893,38.37218442408282,1.3054383107631467e-06,0.410068141532846,0.004962223535495069,0.04490107179751551,0.0009738281588926016,-0.053565450848727325,291.6364154844622,-14.267784506148914,177.45102457540662,2.7953458131284192e-05,-37.01331635644862,0.27024581488932564,0.048860475968043826,37.672043069982976,0.001053339477361372,41.16651900995039,-16.45256044391975,-36.04066482365748,484.6265987607719,3.160169055166772
RCP45_2090,29.46489475878552,286.1047438241216,1028.9951150374955,38.37347458966407,6.573455999014049e-07,0.47512001337917537,0.00637994160405111,0.0541538302444563,0.004615500004785346,-0.06888047185868092,291.42127260972256,-43.11325536010767,175.62282552776358,3.188902666546589e-05,-37.03668973544025,0.22680903077769163,0.011240381956875968,37.70814945136626,0.0012033529480362335,46.410788876933104,-45.474572950393494,-36.07127946776101,217.76168744244148,2.889946759575235
RCP45_2091,31.19447533042356,286.15680175422017,1028.9976467933095,38.38106358272875,1.7559563094290413e-06,0.6101504941517908,0.0013447898734559492,0.06992958133988392,0.00417489712717335,-0.09112036748245655,291.0632030509353,-51.403008606410765,178.00766864243624,3.90658968705631e-05,-37.067256797876944,0.1816810845822922,-0.015923112056487602,37.768047379961835,0.0014771271247720824,56.036983913359634,-54.266684384160925,-36.09797264814013,375.751344679089,2.639782405567693
RCP45_2092,26.467430512176566,286.1794716125373,1028.9886375493431,38.377438840018854,6.302533021791319e-07,0.24620756944544692,0.0034973100501913524,0.04876083329531168,0.0035876712175045644,-0.03844033280617118,292.0763490039933,3.360100394806018,174.85223807440943,2.842643129756961e-05,-37.03890820525318,0.24671527481005023,0.031777039757748045,37.72612410181155,0.0010731214949387337,28.305624574833818,1.1064814588745193,-36.06525089012773,327.52407749003544,2.958192823897574
RCP45_2093,30.962872214934105,286.1218834141176,1028.9981156955719,38.37578142548346,8.092100399569253e-07,0.5022099071585007,0.002075820317511709,0.03757298428515499,0.002701734767290528,-0.07358610396775078,291.97534403554494,-47.63712135788144,178.6499154239761,4.583882411702728e-05,-37.05979260968061,0.1884401863231813,-0.008533153066961157,37.942361625871946,0.0017393911075262222,47.372569432554506,-51.06710149621855,-36.08831523460349,583.6358565556217,2.71563538492536
RCP45_2094,30.45764074121417,286.1041168903964,1028.9958925308165,38.372609611963796,7.023277612257898e-07,0.2693004715869589,0.002794425905818311,0.04035686258336257,0.003583801697844325,-0.05421449125467756,292.20837408305397,6.285254910251506,175.0835779818332,2.449449660028051e-05,-37.044673814235075,0.21939828289810415,0.014200888427248138,37.94309766003613,0.0009308916035652303,29.985605795169292,4.36641468320644,-36.07472930766875,547.7121520509039,2.8510084058235496
RCP45_2095,32.01933506090765,286.15754501920725,1029.000306971485,38.38379502056873,1.3469213306853232e-06,0.6111440299259745,0.001878780373406892,0.04803319290259259,0.005100430911319107,-0.06716526520796677,291.79669458246264,-39.69948699320228,173.34569319445794,3.2644391697649516e-05,-37.06729608863318,0.18105834054626715,-0.011167025817305172,38.0008431856851,0.0012416543377088477,59.27636201162867,-42.26694439422798,-36.10368274687017,374.954759985985,2.6077432120754622
RCP45_2096,29.45873513231672,286.2045979871006,1028.9907025101027,38.38300179654932,1.969546109148937e-07,0.33157321055855216,0.003568142364491396,0.04624995412650776,0.003959897759230088,-0.056526281486349875,291.85816291189303,-11.834122576552819,181.85158489762736,4.034059769134627e-05,-37.05142359208019,0.21588532163544671,0.011146001914301588,37.95772975793646,0.0015318311213813592,34.31121231502644,-14.88014931231714,-36.08090494900385,430.88330782581,2.7769534769328197
RCP45_2097,34.7972120639686,286.0974573852347,1028.9973419108198,38.37180637980764,1.7199151560806388e-06,0.40037677124577337,-6.367814395786902e-05,0.07429617005851473,0.0032557312114674325,-0.059422613096627885,291.4106709295861,-25.921335437859042,173.31747500342735,3.1147186567940654e-05,-37.04883235901412,0.23424173548955146,0.0266595314585404,37.92410912767099,0.001181728469079676,42.64067496653444,-28.386378632140996,-36.07679284601316,316.76958288086075,2.82277751602867
RCP45_2098,30.559437059227804,286.1765705069843,1028.9832585172117,38.37251286339823,-3.5684497623473386e-07,0.378839377184803,0.003074746087570012,0.04386170481429476,0.005608302181685822,-0.033449536206740856,292.00347935558483,-24.58934650841199,174.645052571238,3.288061932191931e-05,-37.023888613781104,0.2737575374563975,0.06587458992297524,37.797225331541185,0.0012425922486834049,38.98789434609536,-27.236208445248923,-36.04367183490935,287.92047179163876,3.093001548639133
RCP45_2099,31.85271826507753,286.0949848927103,1028.9886297671135,38.3620430160566,1.3845707741127766e-07,0.6132536610643038,0.003406623525877497,0.06622954886302908,0.0017120605662023975,-0.07553641335844492,291.6037800370803,-39.30705448233604,182.9914103370465,4.234642244537483e-05,-37.04064537388237,0.2522443647722912,0.0497344327362403,37.874939565288585,0.0016033543043677484,56.056649802358784,-42.4583993087213,-36.04901504061533,516.9370633275371,2.962541404107811
